"code","asahicode","pref","pref_city"
"01101",10100,"北海道","北海道札幌市中央区"
"01102",10200,"北海道","北海道札幌市北区"
"01103",10300,"北海道","北海道札幌市東区"
"01104",10400,"北海道","北海道札幌市白石区"
"01105",10500,"北海道","北海道札幌市豊平区"
"01106",10600,"北海道","北海道札幌市南区"
"01107",10700,"北海道","北海道札幌市西区"
"01108",10800,"北海道","北海道札幌市厚別区"
"01109",10900,"北海道","北海道札幌市手稲区"
"01110",11000,"北海道","北海道札幌市清田区"
"01202",20200,"北海道","北海道函館市"
"01203",20300,"北海道","北海道小樽市"
"01204",20400,"北海道","北海道旭川市"
"01205",20500,"北海道","北海道室蘭市"
"01206",20600,"北海道","北海道釧路市"
"01207",20700,"北海道","北海道帯広市"
"01208",20800,"北海道","北海道北見市"
"01209",20900,"北海道","北海道夕張市"
"01210",21000,"北海道","北海道岩見沢市"
"01211",21100,"北海道","北海道網走市"
"01212",21200,"北海道","北海道留萌市"
"01213",21300,"北海道","北海道苫小牧市"
"01214",21400,"北海道","北海道稚内市"
"01215",21500,"北海道","北海道美唄市"
"01216",21600,"北海道","北海道芦別市"
"01217",21700,"北海道","北海道江別市"
"01218",21800,"北海道","北海道赤平市"
"01219",21900,"北海道","北海道紋別市"
"01220",22000,"北海道","北海道士別市"
"01221",22100,"北海道","北海道名寄市"
"01222",22200,"北海道","北海道三笠市"
"01223",22300,"北海道","北海道根室市"
"01224",22400,"北海道","北海道千歳市"
"01225",22500,"北海道","北海道滝川市"
"01226",22600,"北海道","北海道砂川市"
"01227",22700,"北海道","北海道歌志内市"
"01228",22800,"北海道","北海道深川市"
"01229",22900,"北海道","北海道富良野市"
"01230",23000,"北海道","北海道登別市"
"01231",23100,"北海道","北海道恵庭市"
"01233",23300,"北海道","北海道伊達市"
"01234",23400,"北海道","北海道北広島市"
"01235",23500,"北海道","北海道石狩市"
"01236",23600,"北海道","北海道北斗市"
"01303",30300,"北海道","北海道当別町"
"01304",30400,"北海道","北海道新篠津村"
"01331",33100,"北海道","北海道松前町"
"01332",33200,"北海道","北海道福島町"
"01333",33300,"北海道","北海道知内町"
"01334",33400,"北海道","北海道木古内町"
"01337",33700,"北海道","北海道七飯町"
"01343",34300,"北海道","北海道鹿部町"
"01345",34500,"北海道","北海道森町"
"01346",34600,"北海道","北海道八雲町"
"01347",34700,"北海道","北海道長万部町"
"01361",36100,"北海道","北海道江差町"
"01362",36200,"北海道","北海道上ノ国町"
"01363",36300,"北海道","北海道厚沢部町"
"01364",36400,"北海道","北海道乙部町"
"01367",36700,"北海道","北海道奥尻町"
"01370",37000,"北海道","北海道今金町"
"01371",37100,"北海道","北海道せたな町"
"01391",39100,"北海道","北海道島牧村"
"01392",39200,"北海道","北海道寿都町"
"01393",39300,"北海道","北海道黒松内町"
"01394",39400,"北海道","北海道蘭越町"
"01395",39500,"北海道","北海道ニセコ町"
"01396",39600,"北海道","北海道真狩村"
"01397",39700,"北海道","北海道留寿都村"
"01398",39800,"北海道","北海道喜茂別町"
"01399",39900,"北海道","北海道京極町"
"01400",40000,"北海道","北海道倶知安町"
"01401",40100,"北海道","北海道共和町"
"01402",40200,"北海道","北海道岩内町"
"01403",40300,"北海道","北海道泊村"
"01404",40400,"北海道","北海道神恵内村"
"01405",40500,"北海道","北海道積丹町"
"01406",40600,"北海道","北海道古平町"
"01407",40700,"北海道","北海道仁木町"
"01408",40800,"北海道","北海道余市町"
"01409",40900,"北海道","北海道赤井川村"
"01423",42300,"北海道","北海道南幌町"
"01424",42400,"北海道","北海道奈井江町"
"01425",42500,"北海道","北海道上砂川町"
"01427",42700,"北海道","北海道由仁町"
"01428",42800,"北海道","北海道長沼町"
"01429",42900,"北海道","北海道栗山町"
"01430",43000,"北海道","北海道月形町"
"01431",43100,"北海道","北海道浦臼町"
"01432",43200,"北海道","北海道新十津川町"
"01433",43300,"北海道","北海道妹背牛町"
"01434",43400,"北海道","北海道秩父別町"
"01436",43600,"北海道","北海道雨竜町"
"01437",43700,"北海道","北海道北竜町"
"01438",43800,"北海道","北海道沼田町"
"01452",45200,"北海道","北海道鷹栖町"
"01453",45300,"北海道","北海道東神楽町"
"01454",45400,"北海道","北海道当麻町"
"01455",45500,"北海道","北海道比布町"
"01456",45600,"北海道","北海道愛別町"
"01457",45700,"北海道","北海道上川町"
"01458",45800,"北海道","北海道東川町"
"01459",45900,"北海道","北海道美瑛町"
"01460",46000,"北海道","北海道上富良野町"
"01461",46100,"北海道","北海道中富良野町"
"01462",46200,"北海道","北海道南富良野町"
"01463",46300,"北海道","北海道占冠村"
"01464",46400,"北海道","北海道和寒町"
"01465",46500,"北海道","北海道剣淵町"
"01468",46800,"北海道","北海道下川町"
"01469",46900,"北海道","北海道美深町"
"01470",47000,"北海道","北海道音威子府村"
"01471",47100,"北海道","北海道中川町"
"01472",47200,"北海道","北海道幌加内町"
"01481",48100,"北海道","北海道増毛町"
"01482",48200,"北海道","北海道小平町"
"01483",48300,"北海道","北海道苫前町"
"01484",48400,"北海道","北海道羽幌町"
"01485",48500,"北海道","北海道初山別村"
"01486",48600,"北海道","北海道遠別町"
"01487",48700,"北海道","北海道天塩町"
"01511",51100,"北海道","北海道猿払村"
"01512",51200,"北海道","北海道浜頓別町"
"01513",51300,"北海道","北海道中頓別町"
"01514",51400,"北海道","北海道枝幸町"
"01516",51600,"北海道","北海道豊富町"
"01517",51700,"北海道","北海道礼文町"
"01518",51800,"北海道","北海道利尻町"
"01519",51900,"北海道","北海道利尻富士町"
"01520",52000,"北海道","北海道幌延町"
"01543",54300,"北海道","北海道美幌町"
"01544",54400,"北海道","北海道津別町"
"01545",54500,"北海道","北海道斜里町"
"01546",54600,"北海道","北海道清里町"
"01547",54700,"北海道","北海道小清水町"
"01549",54900,"北海道","北海道訓子府町"
"01550",55000,"北海道","北海道置戸町"
"01552",55200,"北海道","北海道佐呂間町"
"01555",55500,"北海道","北海道遠軽町"
"01559",55900,"北海道","北海道湧別町"
"01560",56000,"北海道","北海道滝上町"
"01561",56100,"北海道","北海道興部町"
"01562",56200,"北海道","北海道西興部村"
"01563",56300,"北海道","北海道雄武町"
"01564",56400,"北海道","北海道大空町"
"01571",57100,"北海道","北海道豊浦町"
"01575",57500,"北海道","北海道壮瞥町"
"01578",57800,"北海道","北海道白老町"
"01581",58100,"北海道","北海道厚真町"
"01584",58400,"北海道","北海道洞爺湖町"
"01585",58500,"北海道","北海道安平町"
"01586",58600,"北海道","北海道むかわ町"
"01601",60100,"北海道","北海道日高町"
"01602",60200,"北海道","北海道平取町"
"01604",60400,"北海道","北海道新冠町"
"01607",60700,"北海道","北海道浦河町"
"01608",60800,"北海道","北海道様似町"
"01609",60900,"北海道","北海道えりも町"
"01610",61000,"北海道","北海道新ひだか町"
"01631",63100,"北海道","北海道音更町"
"01632",63200,"北海道","北海道士幌町"
"01633",63300,"北海道","北海道上士幌町"
"01634",63400,"北海道","北海道鹿追町"
"01635",63500,"北海道","北海道新得町"
"01636",63600,"北海道","北海道清水町"
"01637",63700,"北海道","北海道芽室町"
"01638",63800,"北海道","北海道中札内村"
"01639",63900,"北海道","北海道更別村"
"01641",64100,"北海道","北海道大樹町"
"01642",64200,"北海道","北海道広尾町"
"01643",64300,"北海道","北海道幕別町"
"01644",64400,"北海道","北海道池田町"
"01645",64500,"北海道","北海道豊頃町"
"01646",64600,"北海道","北海道本別町"
"01647",64700,"北海道","北海道足寄町"
"01648",64800,"北海道","北海道陸別町"
"01649",64900,"北海道","北海道浦幌町"
"01661",66100,"北海道","北海道釧路町"
"01662",66200,"北海道","北海道厚岸町"
"01663",66300,"北海道","北海道浜中町"
"01664",66400,"北海道","北海道標茶町"
"01665",66500,"北海道","北海道弟子屈町"
"01667",66700,"北海道","北海道鶴居村"
"01668",66800,"北海道","北海道白糠町"
"01691",69100,"北海道","北海道別海町"
"01692",69200,"北海道","北海道中標津町"
"01693",69300,"北海道","北海道標津町"
"01694",69400,"北海道","北海道羅臼町"
"02201",20100,"青森県","青森県青森市"
"02202",20200,"青森県","青森県弘前市"
"02203",20300,"青森県","青森県八戸市"
"02204",20400,"青森県","青森県黒石市"
"02205",20500,"青森県","青森県五所川原市"
"02206",20600,"青森県","青森県十和田市"
"02207",20700,"青森県","青森県三沢市"
"02208",20800,"青森県","青森県むつ市"
"02209",20900,"青森県","青森県つがる市"
"02210",21000,"青森県","青森県平川市"
"02301",30100,"青森県","青森県平内町"
"02303",30300,"青森県","青森県今別町"
"02304",30400,"青森県","青森県蓬田村"
"02307",30700,"青森県","青森県外ヶ浜町"
"02321",32100,"青森県","青森県鰺ヶ沢町"
"02323",32300,"青森県","青森県深浦町"
"02343",34300,"青森県","青森県西目屋村"
"02361",36100,"青森県","青森県藤崎町"
"02362",36200,"青森県","青森県大鰐町"
"02367",36700,"青森県","青森県田舎館村"
"02381",38100,"青森県","青森県板柳町"
"02384",38400,"青森県","青森県鶴田町"
"02387",38700,"青森県","青森県中泊町"
"02401",40100,"青森県","青森県野辺地町"
"02402",40200,"青森県","青森県七戸町"
"02405",40500,"青森県","青森県六戸町"
"02406",40600,"青森県","青森県横浜町"
"02408",40800,"青森県","青森県東北町"
"02411",41100,"青森県","青森県六ヶ所村"
"02412",41200,"青森県","青森県おいらせ町"
"02423",42300,"青森県","青森県大間町"
"02424",42400,"青森県","青森県東通村"
"02425",42500,"青森県","青森県風間浦村"
"02426",42600,"青森県","青森県佐井村"
"02441",44100,"青森県","青森県三戸町"
"02442",44200,"青森県","青森県五戸町"
"02443",44300,"青森県","青森県田子町"
"02445",44500,"青森県","青森県南部町"
"02446",44600,"青森県","青森県階上町"
"02450",45000,"青森県","青森県新郷村"
"03201",20100,"岩手県","岩手県盛岡市"
"03202",20200,"岩手県","岩手県宮古市"
"03203",20300,"岩手県","岩手県大船渡市"
"03205",20500,"岩手県","岩手県花巻市"
"03206",20600,"岩手県","岩手県北上市"
"03207",20700,"岩手県","岩手県久慈市"
"03208",20800,"岩手県","岩手県遠野市"
"03209",20900,"岩手県","岩手県一関市"
"03210",21000,"岩手県","岩手県陸前高田市"
"03211",21100,"岩手県","岩手県釜石市"
"03213",21300,"岩手県","岩手県二戸市"
"03214",21400,"岩手県","岩手県八幡平市"
"03215",21500,"岩手県","岩手県奥州市"
"03216",21600,"岩手県","岩手県滝沢市"
"03301",30100,"岩手県","岩手県雫石町"
"03302",30200,"岩手県","岩手県葛巻町"
"03303",30300,"岩手県","岩手県岩手町"
"03321",32100,"岩手県","岩手県紫波町"
"03322",32200,"岩手県","岩手県矢巾町"
"03366",36600,"岩手県","岩手県西和賀町"
"03381",38100,"岩手県","岩手県金ヶ崎町"
"03402",40200,"岩手県","岩手県平泉町"
"03441",44100,"岩手県","岩手県住田町"
"03461",46100,"岩手県","岩手県大槌町"
"03482",48200,"岩手県","岩手県山田町"
"03483",48300,"岩手県","岩手県岩泉町"
"03484",48400,"岩手県","岩手県田野畑村"
"03485",48500,"岩手県","岩手県普代村"
"03501",50100,"岩手県","岩手県軽米町"
"03503",50300,"岩手県","岩手県野田村"
"03506",50600,"岩手県","岩手県九戸村"
"03507",50700,"岩手県","岩手県洋野町"
"03524",52400,"岩手県","岩手県一戸町"
"04101",10100,"宮城県","宮城県仙台市青葉区"
"04102",10200,"宮城県","宮城県仙台市宮城野区"
"04103",10300,"宮城県","宮城県仙台市若林区"
"04104",10400,"宮城県","宮城県仙台市太白区"
"04105",10500,"宮城県","宮城県仙台市泉区"
"04202",20200,"宮城県","宮城県石巻市"
"04203",20300,"宮城県","宮城県塩釜市"
"04205",20500,"宮城県","宮城県気仙沼市"
"04206",20600,"宮城県","宮城県白石市"
"04207",20700,"宮城県","宮城県名取市"
"04208",20800,"宮城県","宮城県角田市"
"04209",20900,"宮城県","宮城県多賀城市"
"04211",21100,"宮城県","宮城県岩沼市"
"04212",21200,"宮城県","宮城県登米市"
"04213",21300,"宮城県","宮城県栗原市"
"04214",21400,"宮城県","宮城県東松島市"
"04215",21500,"宮城県","宮城県大崎市"
"04216",21600,"宮城県","宮城県富谷市"
"04301",30100,"宮城県","宮城県蔵王町"
"04302",30200,"宮城県","宮城県七ヶ宿町"
"04321",32100,"宮城県","宮城県大河原町"
"04322",32200,"宮城県","宮城県村田町"
"04323",32300,"宮城県","宮城県柴田町"
"04324",32400,"宮城県","宮城県川崎町"
"04341",34100,"宮城県","宮城県丸森町"
"04361",36100,"宮城県","宮城県亘理町"
"04362",36200,"宮城県","宮城県山元町"
"04401",40100,"宮城県","宮城県松島町"
"04404",40400,"宮城県","宮城県七ヶ浜町"
"04406",40600,"宮城県","宮城県利府町"
"04421",42100,"宮城県","宮城県大和町"
"04422",42200,"宮城県","宮城県大郷町"
"04424",42400,"宮城県","宮城県大衡村"
"04444",44400,"宮城県","宮城県色麻町"
"04445",44500,"宮城県","宮城県加美町"
"04501",50100,"宮城県","宮城県涌谷町"
"04505",50500,"宮城県","宮城県美里町"
"04581",58100,"宮城県","宮城県女川町"
"04606",60600,"宮城県","宮城県南三陸町"
"05201",20100,"秋田県","秋田県秋田市"
"05202",20200,"秋田県","秋田県能代市"
"05203",20300,"秋田県","秋田県横手市"
"05204",20400,"秋田県","秋田県大館市"
"05206",20600,"秋田県","秋田県男鹿市"
"05207",20700,"秋田県","秋田県湯沢市"
"05209",20900,"秋田県","秋田県鹿角市"
"05210",21000,"秋田県","秋田県由利本荘市"
"05211",21100,"秋田県","秋田県潟上市"
"05212",21200,"秋田県","秋田県大仙市"
"05213",21300,"秋田県","秋田県北秋田市"
"05214",21400,"秋田県","秋田県にかほ市"
"05215",21500,"秋田県","秋田県仙北市"
"05303",30300,"秋田県","秋田県小坂町"
"05327",32700,"秋田県","秋田県上小阿仁村"
"05346",34600,"秋田県","秋田県藤里町"
"05348",34800,"秋田県","秋田県三種町"
"05349",34900,"秋田県","秋田県八峰町"
"05361",36100,"秋田県","秋田県五城目町"
"05363",36300,"秋田県","秋田県八郎潟町"
"05366",36600,"秋田県","秋田県井川町"
"05368",36800,"秋田県","秋田県大潟村"
"05434",43400,"秋田県","秋田県美郷町"
"05463",46300,"秋田県","秋田県羽後町"
"05464",46400,"秋田県","秋田県東成瀬村"
"06201",20100,"山形県","山形県山形市"
"06202",20200,"山形県","山形県米沢市"
"06203",20300,"山形県","山形県鶴岡市"
"06204",20400,"山形県","山形県酒田市"
"06205",20500,"山形県","山形県新庄市"
"06206",20600,"山形県","山形県寒河江市"
"06207",20700,"山形県","山形県上山市"
"06208",20800,"山形県","山形県村山市"
"06209",20900,"山形県","山形県長井市"
"06210",21000,"山形県","山形県天童市"
"06211",21100,"山形県","山形県東根市"
"06212",21200,"山形県","山形県尾花沢市"
"06213",21300,"山形県","山形県南陽市"
"06301",30100,"山形県","山形県山辺町"
"06302",30200,"山形県","山形県中山町"
"06321",32100,"山形県","山形県河北町"
"06322",32200,"山形県","山形県西川町"
"06323",32300,"山形県","山形県朝日町"
"06324",32400,"山形県","山形県大江町"
"06341",34100,"山形県","山形県大石田町"
"06361",36100,"山形県","山形県金山町"
"06362",36200,"山形県","山形県最上町"
"06363",36300,"山形県","山形県舟形町"
"06364",36400,"山形県","山形県真室川町"
"06365",36500,"山形県","山形県大蔵村"
"06366",36600,"山形県","山形県鮭川村"
"06367",36700,"山形県","山形県戸沢村"
"06381",38100,"山形県","山形県高畠町"
"06382",38200,"山形県","山形県川西町"
"06401",40100,"山形県","山形県小国町"
"06402",40200,"山形県","山形県白鷹町"
"06403",40300,"山形県","山形県飯豊町"
"06426",42600,"山形県","山形県三川町"
"06428",42800,"山形県","山形県庄内町"
"06461",46100,"山形県","山形県遊佐町"
"07201",20100,"福島県","福島県福島市"
"07202",20200,"福島県","福島県会津若松市"
"07203",20300,"福島県","福島県郡山市"
"07204",20400,"福島県","福島県いわき市"
"07205",20500,"福島県","福島県白河市"
"07207",20700,"福島県","福島県須賀川市"
"07208",20800,"福島県","福島県喜多方市"
"07209",20900,"福島県","福島県相馬市"
"07210",21000,"福島県","福島県二本松市"
"07211",21100,"福島県","福島県田村市"
"07212",21200,"福島県","福島県南相馬市"
"07213",21300,"福島県","福島県伊達市"
"07214",21400,"福島県","福島県本宮市"
"07301",30100,"福島県","福島県桑折町"
"07303",30300,"福島県","福島県国見町"
"07308",30800,"福島県","福島県川俣町"
"07322",32200,"福島県","福島県大玉村"
"07342",34200,"福島県","福島県鏡石町"
"07344",34400,"福島県","福島県天栄村"
"07362",36200,"福島県","福島県下郷町"
"07364",36400,"福島県","福島県檜枝岐村"
"07367",36700,"福島県","福島県只見町"
"07368",36800,"福島県","福島県南会津町"
"07402",40200,"福島県","福島県北塩原村"
"07405",40500,"福島県","福島県西会津町"
"07407",40700,"福島県","福島県磐梯町"
"07408",40800,"福島県","福島県猪苗代町"
"07421",42100,"福島県","福島県会津坂下町"
"07422",42200,"福島県","福島県湯川村"
"07423",42300,"福島県","福島県柳津町"
"07444",44400,"福島県","福島県三島町"
"07445",44500,"福島県","福島県金山町"
"07446",44600,"福島県","福島県昭和村"
"07447",44700,"福島県","福島県会津美里町"
"07461",46100,"福島県","福島県西郷村"
"07464",46400,"福島県","福島県泉崎村"
"07465",46500,"福島県","福島県中島村"
"07466",46600,"福島県","福島県矢吹町"
"07481",48100,"福島県","福島県棚倉町"
"07482",48200,"福島県","福島県矢祭町"
"07483",48300,"福島県","福島県塙町"
"07484",48400,"福島県","福島県鮫川村"
"07501",50100,"福島県","福島県石川町"
"07502",50200,"福島県","福島県玉川村"
"07503",50300,"福島県","福島県平田村"
"07504",50400,"福島県","福島県浅川町"
"07505",50500,"福島県","福島県古殿町"
"07521",52100,"福島県","福島県三春町"
"07522",52200,"福島県","福島県小野町"
"07541",54100,"福島県","福島県広野町"
"07542",54200,"福島県","福島県楢葉町"
"07543",54300,"福島県","福島県富岡町"
"07544",54400,"福島県","福島県川内村"
"07545",54500,"福島県","福島県大熊町"
"07546",54600,"福島県","福島県双葉町"
"07547",54700,"福島県","福島県浪江町"
"07548",54800,"福島県","福島県葛尾村"
"07561",56100,"福島県","福島県新地町"
"07564",56400,"福島県","福島県飯舘村"
"08201",20100,"茨城県","茨城県水戸市"
"08202",20200,"茨城県","茨城県日立市"
"08203",20300,"茨城県","茨城県土浦市"
"08204",20400,"茨城県","茨城県古河市"
"08205",20500,"茨城県","茨城県石岡市"
"08207",20700,"茨城県","茨城県結城市"
"08208",20800,"茨城県","茨城県龍ヶ崎市"
"08210",21000,"茨城県","茨城県下妻市"
"08211",21100,"茨城県","茨城県常総市"
"08212",21200,"茨城県","茨城県常陸太田市"
"08214",21400,"茨城県","茨城県高萩市"
"08215",21500,"茨城県","茨城県北茨城市"
"08216",21600,"茨城県","茨城県笠間市"
"08217",21700,"茨城県","茨城県取手市"
"08219",21900,"茨城県","茨城県牛久市"
"08220",22000,"茨城県","茨城県つくば市"
"08221",22100,"茨城県","茨城県ひたちなか市"
"08222",22200,"茨城県","茨城県鹿嶋市"
"08223",22300,"茨城県","茨城県潮来市"
"08224",22400,"茨城県","茨城県守谷市"
"08225",22500,"茨城県","茨城県常陸大宮市"
"08226",22600,"茨城県","茨城県那珂市"
"08227",22700,"茨城県","茨城県筑西市"
"08228",22800,"茨城県","茨城県坂東市"
"08229",22900,"茨城県","茨城県稲敷市"
"08230",23000,"茨城県","茨城県かすみがうら市"
"08231",23100,"茨城県","茨城県桜川市"
"08232",23200,"茨城県","茨城県神栖市"
"08233",23300,"茨城県","茨城県行方市"
"08234",23400,"茨城県","茨城県鉾田市"
"08235",23500,"茨城県","茨城県つくばみらい市"
"08236",23600,"茨城県","茨城県小美玉市"
"08302",30200,"茨城県","茨城県茨城町"
"08309",30900,"茨城県","茨城県大洗町"
"08310",31000,"茨城県","茨城県城里町"
"08341",34100,"茨城県","茨城県東海村"
"08364",36400,"茨城県","茨城県大子町"
"08442",44200,"茨城県","茨城県美浦村"
"08443",44300,"茨城県","茨城県阿見町"
"08447",44700,"茨城県","茨城県河内町"
"08521",52100,"茨城県","茨城県八千代町"
"08542",54200,"茨城県","茨城県五霞町"
"08546",54600,"茨城県","茨城県境町"
"08564",56400,"茨城県","茨城県利根町"
"09201",20100,"栃木県","栃木県宇都宮市"
"09202",20200,"栃木県","栃木県足利市"
"09203",20300,"栃木県","栃木県栃木市"
"09204",20400,"栃木県","栃木県佐野市"
"09205",20500,"栃木県","栃木県鹿沼市"
"09206",20600,"栃木県","栃木県日光市"
"09208",20800,"栃木県","栃木県小山市"
"09209",20900,"栃木県","栃木県真岡市"
"09210",21000,"栃木県","栃木県大田原市"
"09211",21100,"栃木県","栃木県矢板市"
"09213",21300,"栃木県","栃木県那須塩原市"
"09214",21400,"栃木県","栃木県さくら市"
"09215",21500,"栃木県","栃木県那須烏山市"
"09216",21600,"栃木県","栃木県下野市"
"09301",30100,"栃木県","栃木県上三川町"
"09342",34200,"栃木県","栃木県益子町"
"09343",34300,"栃木県","栃木県茂木町"
"09344",34400,"栃木県","栃木県市貝町"
"09345",34500,"栃木県","栃木県芳賀町"
"09361",36100,"栃木県","栃木県壬生町"
"09364",36400,"栃木県","栃木県野木町"
"09384",38400,"栃木県","栃木県塩谷町"
"09386",38600,"栃木県","栃木県高根沢町"
"09407",40700,"栃木県","栃木県那須町"
"09411",41100,"栃木県","栃木県那珂川町"
"10201",20100,"群馬県","群馬県前橋市"
"10202",20200,"群馬県","群馬県高崎市"
"10203",20300,"群馬県","群馬県桐生市"
"10204",20400,"群馬県","群馬県伊勢崎市"
"10205",20500,"群馬県","群馬県太田市"
"10206",20600,"群馬県","群馬県沼田市"
"10207",20700,"群馬県","群馬県館林市"
"10208",20800,"群馬県","群馬県渋川市"
"10209",20900,"群馬県","群馬県藤岡市"
"10210",21000,"群馬県","群馬県富岡市"
"10211",21100,"群馬県","群馬県安中市"
"10212",21200,"群馬県","群馬県みどり市"
"10344",34400,"群馬県","群馬県榛東村"
"10345",34500,"群馬県","群馬県吉岡町"
"10366",36600,"群馬県","群馬県上野村"
"10367",36700,"群馬県","群馬県神流町"
"10382",38200,"群馬県","群馬県下仁田町"
"10383",38300,"群馬県","群馬県南牧村"
"10384",38400,"群馬県","群馬県甘楽町"
"10421",42100,"群馬県","群馬県中之条町"
"10424",42400,"群馬県","群馬県長野原町"
"10425",42500,"群馬県","群馬県嬬恋村"
"10426",42600,"群馬県","群馬県草津町"
"10428",42800,"群馬県","群馬県高山村"
"10429",42900,"群馬県","群馬県東吾妻町"
"10443",44300,"群馬県","群馬県片品村"
"10444",44400,"群馬県","群馬県川場村"
"10448",44800,"群馬県","群馬県昭和村"
"10449",44900,"群馬県","群馬県みなかみ町"
"10464",46400,"群馬県","群馬県玉村町"
"10521",52100,"群馬県","群馬県板倉町"
"10522",52200,"群馬県","群馬県明和町"
"10523",52300,"群馬県","群馬県千代田町"
"10524",52400,"群馬県","群馬県大泉町"
"10525",52500,"群馬県","群馬県邑楽町"
"11101",10100,"埼玉県","埼玉県さいたま市西区"
"11102",10200,"埼玉県","埼玉県さいたま市北区"
"11103",10300,"埼玉県","埼玉県さいたま市大宮区"
"11104",10400,"埼玉県","埼玉県さいたま市見沼区"
"11105",10500,"埼玉県","埼玉県さいたま市中央区"
"11106",10600,"埼玉県","埼玉県さいたま市桜区"
"11107",10700,"埼玉県","埼玉県さいたま市浦和区"
"11108",10800,"埼玉県","埼玉県さいたま市南区"
"11109",10900,"埼玉県","埼玉県さいたま市緑区"
"11110",11000,"埼玉県","埼玉県さいたま市岩槻区"
"11201",20100,"埼玉県","埼玉県川越市"
"11202",20200,"埼玉県","埼玉県熊谷市"
"11203",20300,"埼玉県","埼玉県川口市"
"11206",20600,"埼玉県","埼玉県行田市"
"11207",20700,"埼玉県","埼玉県秩父市"
"11208",20800,"埼玉県","埼玉県所沢市"
"11209",20900,"埼玉県","埼玉県飯能市"
"11210",21000,"埼玉県","埼玉県加須市"
"11211",21100,"埼玉県","埼玉県本庄市"
"11212",21200,"埼玉県","埼玉県東松山市"
"11214",21400,"埼玉県","埼玉県春日部市"
"11215",21500,"埼玉県","埼玉県狭山市"
"11216",21600,"埼玉県","埼玉県羽生市"
"11217",21700,"埼玉県","埼玉県鴻巣市"
"11218",21800,"埼玉県","埼玉県深谷市"
"11219",21900,"埼玉県","埼玉県上尾市"
"11221",22100,"埼玉県","埼玉県草加市"
"11222",22200,"埼玉県","埼玉県越谷市"
"11223",22300,"埼玉県","埼玉県蕨市"
"11224",22400,"埼玉県","埼玉県戸田市"
"11225",22500,"埼玉県","埼玉県入間市"
"11227",22700,"埼玉県","埼玉県朝霞市"
"11228",22800,"埼玉県","埼玉県志木市"
"11229",22900,"埼玉県","埼玉県和光市"
"11230",23000,"埼玉県","埼玉県新座市"
"11231",23100,"埼玉県","埼玉県桶川市"
"11232",23200,"埼玉県","埼玉県久喜市"
"11233",23300,"埼玉県","埼玉県北本市"
"11234",23400,"埼玉県","埼玉県八潮市"
"11235",23500,"埼玉県","埼玉県富士見市"
"11237",23700,"埼玉県","埼玉県三郷市"
"11238",23800,"埼玉県","埼玉県蓮田市"
"11239",23900,"埼玉県","埼玉県坂戸市"
"11240",24000,"埼玉県","埼玉県幸手市"
"11241",24100,"埼玉県","埼玉県鶴ヶ島市"
"11242",24200,"埼玉県","埼玉県日高市"
"11243",24300,"埼玉県","埼玉県吉川市"
"11245",24500,"埼玉県","埼玉県ふじみ野市"
"11246",24600,"埼玉県","埼玉県白岡市"
"11301",30100,"埼玉県","埼玉県伊奈町"
"11324",32400,"埼玉県","埼玉県三芳町"
"11326",32600,"埼玉県","埼玉県毛呂山町"
"11327",32700,"埼玉県","埼玉県越生町"
"11341",34100,"埼玉県","埼玉県滑川町"
"11342",34200,"埼玉県","埼玉県嵐山町"
"11343",34300,"埼玉県","埼玉県小川町"
"11346",34600,"埼玉県","埼玉県川島町"
"11347",34700,"埼玉県","埼玉県吉見町"
"11348",34800,"埼玉県","埼玉県鳩山町"
"11349",34900,"埼玉県","埼玉県ときがわ町"
"11361",36100,"埼玉県","埼玉県横瀬町"
"11362",36200,"埼玉県","埼玉県皆野町"
"11363",36300,"埼玉県","埼玉県長瀞町"
"11365",36500,"埼玉県","埼玉県小鹿野町"
"11369",36900,"埼玉県","埼玉県東秩父村"
"11381",38100,"埼玉県","埼玉県美里町"
"11383",38300,"埼玉県","埼玉県神川町"
"11385",38500,"埼玉県","埼玉県上里町"
"11408",40800,"埼玉県","埼玉県寄居町"
"11442",44200,"埼玉県","埼玉県宮代町"
"11464",46400,"埼玉県","埼玉県杉戸町"
"11465",46500,"埼玉県","埼玉県松伏町"
"12101",10100,"千葉県","千葉県千葉市中央区"
"12102",10200,"千葉県","千葉県千葉市花見川区"
"12103",10300,"千葉県","千葉県千葉市稲毛区"
"12104",10400,"千葉県","千葉県千葉市若葉区"
"12105",10500,"千葉県","千葉県千葉市緑区"
"12106",10600,"千葉県","千葉県千葉市美浜区"
"12202",20200,"千葉県","千葉県銚子市"
"12203",20300,"千葉県","千葉県市川市"
"12204",20400,"千葉県","千葉県船橋市"
"12205",20500,"千葉県","千葉県館山市"
"12206",20600,"千葉県","千葉県木更津市"
"12207",20700,"千葉県","千葉県松戸市"
"12208",20800,"千葉県","千葉県野田市"
"12210",21000,"千葉県","千葉県茂原市"
"12211",21100,"千葉県","千葉県成田市"
"12212",21200,"千葉県","千葉県佐倉市"
"12213",21300,"千葉県","千葉県東金市"
"12215",21500,"千葉県","千葉県旭市"
"12216",21600,"千葉県","千葉県習志野市"
"12217",21700,"千葉県","千葉県柏市"
"12218",21800,"千葉県","千葉県勝浦市"
"12219",21900,"千葉県","千葉県市原市"
"12220",22000,"千葉県","千葉県流山市"
"12221",22100,"千葉県","千葉県八千代市"
"12222",22200,"千葉県","千葉県我孫子市"
"12223",22300,"千葉県","千葉県鴨川市"
"12224",22400,"千葉県","千葉県鎌ヶ谷市"
"12225",22500,"千葉県","千葉県君津市"
"12226",22600,"千葉県","千葉県富津市"
"12227",22700,"千葉県","千葉県浦安市"
"12228",22800,"千葉県","千葉県四街道市"
"12229",22900,"千葉県","千葉県袖ヶ浦市"
"12230",23000,"千葉県","千葉県八街市"
"12231",23100,"千葉県","千葉県印西市"
"12232",23200,"千葉県","千葉県白井市"
"12233",23300,"千葉県","千葉県富里市"
"12234",23400,"千葉県","千葉県南房総市"
"12235",23500,"千葉県","千葉県匝瑳市"
"12236",23600,"千葉県","千葉県香取市"
"12237",23700,"千葉県","千葉県山武市"
"12238",23800,"千葉県","千葉県いすみ市"
"12239",23900,"千葉県","千葉県大網白里市"
"12322",32200,"千葉県","千葉県酒々井町"
"12329",32900,"千葉県","千葉県栄町"
"12342",34200,"千葉県","千葉県神崎町"
"12347",34700,"千葉県","千葉県多古町"
"12349",34900,"千葉県","千葉県東庄町"
"12403",40300,"千葉県","千葉県九十九里町"
"12409",40900,"千葉県","千葉県芝山町"
"12410",41000,"千葉県","千葉県横芝光町"
"12421",42100,"千葉県","千葉県一宮町"
"12422",42200,"千葉県","千葉県睦沢町"
"12423",42300,"千葉県","千葉県長生村"
"12424",42400,"千葉県","千葉県白子町"
"12426",42600,"千葉県","千葉県長柄町"
"12427",42700,"千葉県","千葉県長南町"
"12441",44100,"千葉県","千葉県大多喜町"
"12443",44300,"千葉県","千葉県御宿町"
"12463",46300,"千葉県","千葉県鋸南町"
"13101",10100,"東京都","東京都千代田区"
"13102",10200,"東京都","東京都中央区"
"13103",10300,"東京都","東京都港区"
"13104",10400,"東京都","東京都新宿区"
"13105",10500,"東京都","東京都文京区"
"13106",10600,"東京都","東京都台東区"
"13107",10700,"東京都","東京都墨田区"
"13108",10800,"東京都","東京都江東区"
"13109",10900,"東京都","東京都品川区"
"13110",11000,"東京都","東京都目黒区"
"13111",11100,"東京都","東京都大田区"
"13112",11200,"東京都","東京都世田谷区"
"13113",11300,"東京都","東京都渋谷区"
"13114",11400,"東京都","東京都中野区"
"13115",11500,"東京都","東京都杉並区"
"13116",11600,"東京都","東京都豊島区"
"13117",11700,"東京都","東京都北区"
"13118",11800,"東京都","東京都荒川区"
"13119",11900,"東京都","東京都板橋区"
"13120",12000,"東京都","東京都練馬区"
"13121",12100,"東京都","東京都足立区"
"13122",12200,"東京都","東京都葛飾区"
"13123",12300,"東京都","東京都江戸川区"
"13201",20100,"東京都","東京都八王子市"
"13202",20200,"東京都","東京都立川市"
"13203",20300,"東京都","東京都武蔵野市"
"13204",20400,"東京都","東京都三鷹市"
"13205",20500,"東京都","東京都青梅市"
"13206",20600,"東京都","東京都府中市"
"13207",20700,"東京都","東京都昭島市"
"13208",20800,"東京都","東京都調布市"
"13209",20900,"東京都","東京都町田市"
"13210",21000,"東京都","東京都小金井市"
"13211",21100,"東京都","東京都小平市"
"13212",21200,"東京都","東京都日野市"
"13213",21300,"東京都","東京都東村山市"
"13214",21400,"東京都","東京都国分寺市"
"13215",21500,"東京都","東京都国立市"
"13218",21800,"東京都","東京都福生市"
"13219",21900,"東京都","東京都狛江市"
"13220",22000,"東京都","東京都東大和市"
"13221",22100,"東京都","東京都清瀬市"
"13222",22200,"東京都","東京都東久留米市"
"13223",22300,"東京都","東京都武蔵村山市"
"13224",22400,"東京都","東京都多摩市"
"13225",22500,"東京都","東京都稲城市"
"13227",22700,"東京都","東京都羽村市"
"13228",22800,"東京都","東京都あきる野市"
"13229",22900,"東京都","東京都西東京市"
"13303",30300,"東京都","東京都瑞穂町"
"13305",30500,"東京都","東京都日の出町"
"13307",30700,"東京都","東京都檜原村"
"13308",30800,"東京都","東京都奥多摩町"
"13361",36100,"東京都","東京都大島町"
"13362",36200,"東京都","東京都利島村"
"13363",36300,"東京都","東京都新島村"
"13364",36400,"東京都","東京都神津島村"
"13381",38100,"東京都","東京都三宅村"
"13382",38200,"東京都","東京都御蔵島村"
"13401",40100,"東京都","東京都八丈町"
"13402",40200,"東京都","東京都青ヶ島村"
"13421",42100,"東京都","東京都小笠原村"
"14101",10100,"神奈川県","神奈川県横浜市鶴見区"
"14102",10200,"神奈川県","神奈川県横浜市神奈川区"
"14103",10300,"神奈川県","神奈川県横浜市西区"
"14104",10400,"神奈川県","神奈川県横浜市中区"
"14105",10500,"神奈川県","神奈川県横浜市南区"
"14106",10600,"神奈川県","神奈川県横浜市保土ヶ谷区"
"14107",10700,"神奈川県","神奈川県横浜市磯子区"
"14108",10800,"神奈川県","神奈川県横浜市金沢区"
"14109",10900,"神奈川県","神奈川県横浜市港北区"
"14110",11000,"神奈川県","神奈川県横浜市戸塚区"
"14111",11100,"神奈川県","神奈川県横浜市港南区"
"14112",11200,"神奈川県","神奈川県横浜市旭区"
"14113",11300,"神奈川県","神奈川県横浜市緑区"
"14114",11400,"神奈川県","神奈川県横浜市瀬谷区"
"14115",11500,"神奈川県","神奈川県横浜市栄区"
"14116",11600,"神奈川県","神奈川県横浜市泉区"
"14117",11700,"神奈川県","神奈川県横浜市青葉区"
"14118",11800,"神奈川県","神奈川県横浜市都筑区"
"14131",13100,"神奈川県","神奈川県川崎市川崎区"
"14132",13200,"神奈川県","神奈川県川崎市幸区"
"14133",13300,"神奈川県","神奈川県川崎市中原区"
"14134",13400,"神奈川県","神奈川県川崎市高津区"
"14135",13500,"神奈川県","神奈川県川崎市多摩区"
"14136",13600,"神奈川県","神奈川県川崎市宮前区"
"14137",13700,"神奈川県","神奈川県川崎市麻生区"
"14151",15100,"神奈川県","神奈川県相模原市緑区"
"14152",15200,"神奈川県","神奈川県相模原市中央区"
"14153",15300,"神奈川県","神奈川県相模原市南区"
"14201",20100,"神奈川県","神奈川県横須賀市"
"14203",20300,"神奈川県","神奈川県平塚市"
"14204",20400,"神奈川県","神奈川県鎌倉市"
"14205",20500,"神奈川県","神奈川県藤沢市"
"14206",20600,"神奈川県","神奈川県小田原市"
"14207",20700,"神奈川県","神奈川県茅ヶ崎市"
"14208",20800,"神奈川県","神奈川県逗子市"
"14210",21000,"神奈川県","神奈川県三浦市"
"14211",21100,"神奈川県","神奈川県秦野市"
"14212",21200,"神奈川県","神奈川県厚木市"
"14213",21300,"神奈川県","神奈川県大和市"
"14214",21400,"神奈川県","神奈川県伊勢原市"
"14215",21500,"神奈川県","神奈川県海老名市"
"14216",21600,"神奈川県","神奈川県座間市"
"14217",21700,"神奈川県","神奈川県南足柄市"
"14218",21800,"神奈川県","神奈川県綾瀬市"
"14301",30100,"神奈川県","神奈川県葉山町"
"14321",32100,"神奈川県","神奈川県寒川町"
"14341",34100,"神奈川県","神奈川県大磯町"
"14342",34200,"神奈川県","神奈川県二宮町"
"14361",36100,"神奈川県","神奈川県中井町"
"14362",36200,"神奈川県","神奈川県大井町"
"14363",36300,"神奈川県","神奈川県松田町"
"14364",36400,"神奈川県","神奈川県山北町"
"14366",36600,"神奈川県","神奈川県開成町"
"14382",38200,"神奈川県","神奈川県箱根町"
"14383",38300,"神奈川県","神奈川県真鶴町"
"14384",38400,"神奈川県","神奈川県湯河原町"
"14401",40100,"神奈川県","神奈川県愛川町"
"14402",40200,"神奈川県","神奈川県清川村"
"15101",10100,"新潟県","新潟県新潟市北区"
"15102",10200,"新潟県","新潟県新潟市東区"
"15103",10300,"新潟県","新潟県新潟市中央区"
"15104",10400,"新潟県","新潟県新潟市江南区"
"15105",10500,"新潟県","新潟県新潟市秋葉区"
"15106",10600,"新潟県","新潟県新潟市南区"
"15107",10700,"新潟県","新潟県新潟市西区"
"15108",10800,"新潟県","新潟県新潟市西蒲区"
"15202",20200,"新潟県","新潟県長岡市"
"15204",20400,"新潟県","新潟県三条市"
"15205",20500,"新潟県","新潟県柏崎市"
"15206",20600,"新潟県","新潟県新発田市"
"15208",20800,"新潟県","新潟県小千谷市"
"15209",20900,"新潟県","新潟県加茂市"
"15210",21000,"新潟県","新潟県十日町市"
"15211",21100,"新潟県","新潟県見附市"
"15212",21200,"新潟県","新潟県村上市"
"15213",21300,"新潟県","新潟県燕市"
"15216",21600,"新潟県","新潟県糸魚川市"
"15217",21700,"新潟県","新潟県妙高市"
"15218",21800,"新潟県","新潟県五泉市"
"15222",22200,"新潟県","新潟県上越市"
"15223",22300,"新潟県","新潟県阿賀野市"
"15224",22400,"新潟県","新潟県佐渡市"
"15225",22500,"新潟県","新潟県魚沼市"
"15226",22600,"新潟県","新潟県南魚沼市"
"15227",22700,"新潟県","新潟県胎内市"
"15307",30700,"新潟県","新潟県聖籠町"
"15342",34200,"新潟県","新潟県弥彦村"
"15361",36100,"新潟県","新潟県田上町"
"15385",38500,"新潟県","新潟県阿賀町"
"15405",40500,"新潟県","新潟県出雲崎町"
"15461",46100,"新潟県","新潟県湯沢町"
"15482",48200,"新潟県","新潟県津南町"
"15504",50400,"新潟県","新潟県刈羽村"
"15581",58100,"新潟県","新潟県関川村"
"15586",58600,"新潟県","新潟県粟島浦村"
"16201",20100,"富山県","富山県富山市"
"16202",20200,"富山県","富山県高岡市"
"16204",20400,"富山県","富山県魚津市"
"16205",20500,"富山県","富山県氷見市"
"16206",20600,"富山県","富山県滑川市"
"16207",20700,"富山県","富山県黒部市"
"16208",20800,"富山県","富山県砺波市"
"16209",20900,"富山県","富山県小矢部市"
"16210",21000,"富山県","富山県南砺市"
"16211",21100,"富山県","富山県射水市"
"16321",32100,"富山県","富山県舟橋村"
"16322",32200,"富山県","富山県上市町"
"16323",32300,"富山県","富山県立山町"
"16342",34200,"富山県","富山県入善町"
"16343",34300,"富山県","富山県朝日町"
"17201",20100,"石川県","石川県金沢市"
"17202",20200,"石川県","石川県七尾市"
"17203",20300,"石川県","石川県小松市"
"17204",20400,"石川県","石川県輪島市"
"17205",20500,"石川県","石川県珠洲市"
"17206",20600,"石川県","石川県加賀市"
"17207",20700,"石川県","石川県羽咋市"
"17209",20900,"石川県","石川県かほく市"
"17210",21000,"石川県","石川県白山市"
"17211",21100,"石川県","石川県能美市"
"17212",21200,"石川県","石川県野々市市"
"17324",32400,"石川県","石川県川北町"
"17361",36100,"石川県","石川県津幡町"
"17365",36500,"石川県","石川県内灘町"
"17384",38400,"石川県","石川県志賀町"
"17386",38600,"石川県","石川県宝達志水町"
"17407",40700,"石川県","石川県中能登町"
"17461",46100,"石川県","石川県穴水町"
"17463",46300,"石川県","石川県能登町"
"18201",20100,"福井県","福井県福井市"
"18202",20200,"福井県","福井県敦賀市"
"18204",20400,"福井県","福井県小浜市"
"18205",20500,"福井県","福井県大野市"
"18206",20600,"福井県","福井県勝山市"
"18207",20700,"福井県","福井県鯖江市"
"18208",20800,"福井県","福井県あわら市"
"18209",20900,"福井県","福井県越前市"
"18210",21000,"福井県","福井県坂井市"
"18322",32200,"福井県","福井県永平寺町"
"18382",38200,"福井県","福井県池田町"
"18404",40400,"福井県","福井県南越前町"
"18423",42300,"福井県","福井県越前町"
"18442",44200,"福井県","福井県美浜町"
"18481",48100,"福井県","福井県高浜町"
"18483",48300,"福井県","福井県おおい町"
"18501",50100,"福井県","福井県若狭町"
"19201",20100,"山梨県","山梨県甲府市"
"19202",20200,"山梨県","山梨県富士吉田市"
"19204",20400,"山梨県","山梨県都留市"
"19205",20500,"山梨県","山梨県山梨市"
"19206",20600,"山梨県","山梨県大月市"
"19207",20700,"山梨県","山梨県韮崎市"
"19208",20800,"山梨県","山梨県南アルプス市"
"19209",20900,"山梨県","山梨県北杜市"
"19210",21000,"山梨県","山梨県甲斐市"
"19211",21100,"山梨県","山梨県笛吹市"
"19212",21200,"山梨県","山梨県上野原市"
"19213",21300,"山梨県","山梨県甲州市"
"19214",21400,"山梨県","山梨県中央市"
"19346",34600,"山梨県","山梨県市川三郷町"
"19364",36400,"山梨県","山梨県早川町"
"19365",36500,"山梨県","山梨県身延町"
"19366",36600,"山梨県","山梨県南部町"
"19368",36800,"山梨県","山梨県富士川町"
"19384",38400,"山梨県","山梨県昭和町"
"19422",42200,"山梨県","山梨県道志村"
"19423",42300,"山梨県","山梨県西桂町"
"19424",42400,"山梨県","山梨県忍野村"
"19425",42500,"山梨県","山梨県山中湖村"
"19429",42900,"山梨県","山梨県鳴沢村"
"19430",43000,"山梨県","山梨県富士河口湖町"
"19442",44200,"山梨県","山梨県小菅村"
"19443",44300,"山梨県","山梨県丹波山村"
"20201",20100,"長野県","長野県長野市"
"20202",20200,"長野県","長野県松本市"
"20203",20300,"長野県","長野県上田市"
"20204",20400,"長野県","長野県岡谷市"
"20205",20500,"長野県","長野県飯田市"
"20206",20600,"長野県","長野県諏訪市"
"20207",20700,"長野県","長野県須坂市"
"20208",20800,"長野県","長野県小諸市"
"20209",20900,"長野県","長野県伊那市"
"20210",21000,"長野県","長野県駒ヶ根市"
"20211",21100,"長野県","長野県中野市"
"20212",21200,"長野県","長野県大町市"
"20213",21300,"長野県","長野県飯山市"
"20214",21400,"長野県","長野県茅野市"
"20215",21500,"長野県","長野県塩尻市"
"20217",21700,"長野県","長野県佐久市"
"20218",21800,"長野県","長野県千曲市"
"20219",21900,"長野県","長野県東御市"
"20220",22000,"長野県","長野県安曇野市"
"20303",30300,"長野県","長野県小海町"
"20304",30400,"長野県","長野県川上村"
"20305",30500,"長野県","長野県南牧村"
"20306",30600,"長野県","長野県南相木村"
"20307",30700,"長野県","長野県北相木村"
"20309",30900,"長野県","長野県佐久穂町"
"20321",32100,"長野県","長野県軽井沢町"
"20323",32300,"長野県","長野県御代田町"
"20324",32400,"長野県","長野県立科町"
"20349",34900,"長野県","長野県青木村"
"20350",35000,"長野県","長野県長和町"
"20361",36100,"長野県","長野県下諏訪町"
"20362",36200,"長野県","長野県富士見町"
"20363",36300,"長野県","長野県原村"
"20382",38200,"長野県","長野県辰野町"
"20383",38300,"長野県","長野県箕輪町"
"20384",38400,"長野県","長野県飯島町"
"20385",38500,"長野県","長野県南箕輪村"
"20386",38600,"長野県","長野県中川村"
"20388",38800,"長野県","長野県宮田村"
"20402",40200,"長野県","長野県松川町"
"20403",40300,"長野県","長野県高森町"
"20404",40400,"長野県","長野県阿南町"
"20407",40700,"長野県","長野県阿智村"
"20409",40900,"長野県","長野県平谷村"
"20410",41000,"長野県","長野県根羽村"
"20411",41100,"長野県","長野県下條村"
"20412",41200,"長野県","長野県売木村"
"20413",41300,"長野県","長野県天龍村"
"20414",41400,"長野県","長野県泰阜村"
"20415",41500,"長野県","長野県喬木村"
"20416",41600,"長野県","長野県豊丘村"
"20417",41700,"長野県","長野県大鹿村"
"20422",42200,"長野県","長野県上松町"
"20423",42300,"長野県","長野県南木曽町"
"20425",42500,"長野県","長野県木祖村"
"20429",42900,"長野県","長野県王滝村"
"20430",43000,"長野県","長野県大桑村"
"20432",43200,"長野県","長野県木曽町"
"20446",44600,"長野県","長野県麻績村"
"20448",44800,"長野県","長野県生坂村"
"20450",45000,"長野県","長野県山形村"
"20451",45100,"長野県","長野県朝日村"
"20452",45200,"長野県","長野県筑北村"
"20481",48100,"長野県","長野県池田町"
"20482",48200,"長野県","長野県松川村"
"20485",48500,"長野県","長野県白馬村"
"20486",48600,"長野県","長野県小谷村"
"20521",52100,"長野県","長野県坂城町"
"20541",54100,"長野県","長野県小布施町"
"20543",54300,"長野県","長野県高山村"
"20561",56100,"長野県","長野県山ノ内町"
"20562",56200,"長野県","長野県木島平村"
"20563",56300,"長野県","長野県野沢温泉村"
"20583",58300,"長野県","長野県信濃町"
"20588",58800,"長野県","長野県小川村"
"20590",59000,"長野県","長野県飯綱町"
"20602",60200,"長野県","長野県栄村"
"21201",20100,"岐阜県","岐阜県岐阜市"
"21202",20200,"岐阜県","岐阜県大垣市"
"21203",20300,"岐阜県","岐阜県高山市"
"21204",20400,"岐阜県","岐阜県多治見市"
"21205",20500,"岐阜県","岐阜県関市"
"21206",20600,"岐阜県","岐阜県中津川市"
"21207",20700,"岐阜県","岐阜県美濃市"
"21208",20800,"岐阜県","岐阜県瑞浪市"
"21209",20900,"岐阜県","岐阜県羽島市"
"21210",21000,"岐阜県","岐阜県恵那市"
"21211",21100,"岐阜県","岐阜県美濃加茂市"
"21212",21200,"岐阜県","岐阜県土岐市"
"21213",21300,"岐阜県","岐阜県各務原市"
"21214",21400,"岐阜県","岐阜県可児市"
"21215",21500,"岐阜県","岐阜県山県市"
"21216",21600,"岐阜県","岐阜県瑞穂市"
"21217",21700,"岐阜県","岐阜県飛騨市"
"21218",21800,"岐阜県","岐阜県本巣市"
"21219",21900,"岐阜県","岐阜県郡上市"
"21220",22000,"岐阜県","岐阜県下呂市"
"21221",22100,"岐阜県","岐阜県海津市"
"21302",30200,"岐阜県","岐阜県岐南町"
"21303",30300,"岐阜県","岐阜県笠松町"
"21341",34100,"岐阜県","岐阜県養老町"
"21361",36100,"岐阜県","岐阜県垂井町"
"21362",36200,"岐阜県","岐阜県関ヶ原町"
"21381",38100,"岐阜県","岐阜県神戸町"
"21382",38200,"岐阜県","岐阜県輪之内町"
"21383",38300,"岐阜県","岐阜県安八町"
"21401",40100,"岐阜県","岐阜県揖斐川町"
"21403",40300,"岐阜県","岐阜県大野町"
"21404",40400,"岐阜県","岐阜県池田町"
"21421",42100,"岐阜県","岐阜県北方町"
"21501",50100,"岐阜県","岐阜県坂祝町"
"21502",50200,"岐阜県","岐阜県富加町"
"21503",50300,"岐阜県","岐阜県川辺町"
"21504",50400,"岐阜県","岐阜県七宗町"
"21505",50500,"岐阜県","岐阜県八百津町"
"21506",50600,"岐阜県","岐阜県白川町"
"21507",50700,"岐阜県","岐阜県東白川村"
"21521",52100,"岐阜県","岐阜県御嵩町"
"21604",60400,"岐阜県","岐阜県白川村"
"22101",10100,"静岡県","静岡県静岡市葵区"
"22102",10200,"静岡県","静岡県静岡市駿河区"
"22103",10300,"静岡県","静岡県静岡市清水区"
"22203",20300,"静岡県","静岡県沼津市"
"22205",20500,"静岡県","静岡県熱海市"
"22206",20600,"静岡県","静岡県三島市"
"22207",20700,"静岡県","静岡県富士宮市"
"22208",20800,"静岡県","静岡県伊東市"
"22209",20900,"静岡県","静岡県島田市"
"22210",21000,"静岡県","静岡県富士市"
"22211",21100,"静岡県","静岡県磐田市"
"22212",21200,"静岡県","静岡県焼津市"
"22213",21300,"静岡県","静岡県掛川市"
"22214",21400,"静岡県","静岡県藤枝市"
"22215",21500,"静岡県","静岡県御殿場市"
"22216",21600,"静岡県","静岡県袋井市"
"22219",21900,"静岡県","静岡県下田市"
"22220",22000,"静岡県","静岡県裾野市"
"22221",22100,"静岡県","静岡県湖西市"
"22222",22200,"静岡県","静岡県伊豆市"
"22223",22300,"静岡県","静岡県御前崎市"
"22224",22400,"静岡県","静岡県菊川市"
"22225",22500,"静岡県","静岡県伊豆の国市"
"22226",22600,"静岡県","静岡県牧之原市"
"22301",30100,"静岡県","静岡県東伊豆町"
"22302",30200,"静岡県","静岡県河津町"
"22304",30400,"静岡県","静岡県南伊豆町"
"22305",30500,"静岡県","静岡県松崎町"
"22306",30600,"静岡県","静岡県西伊豆町"
"22325",32500,"静岡県","静岡県函南町"
"22341",34100,"静岡県","静岡県清水町"
"22342",34200,"静岡県","静岡県長泉町"
"22344",34400,"静岡県","静岡県小山町"
"22424",42400,"静岡県","静岡県吉田町"
"22429",42900,"静岡県","静岡県川根本町"
"22461",46100,"静岡県","静岡県森町"
"23101",10100,"愛知県","愛知県名古屋市千種区"
"23102",10200,"愛知県","愛知県名古屋市東区"
"23103",10300,"愛知県","愛知県名古屋市北区"
"23104",10400,"愛知県","愛知県名古屋市西区"
"23105",10500,"愛知県","愛知県名古屋市中村区"
"23106",10600,"愛知県","愛知県名古屋市中区"
"23107",10700,"愛知県","愛知県名古屋市昭和区"
"23108",10800,"愛知県","愛知県名古屋市瑞穂区"
"23109",10900,"愛知県","愛知県名古屋市熱田区"
"23110",11000,"愛知県","愛知県名古屋市中川区"
"23111",11100,"愛知県","愛知県名古屋市港区"
"23112",11200,"愛知県","愛知県名古屋市南区"
"23113",11300,"愛知県","愛知県名古屋市守山区"
"23114",11400,"愛知県","愛知県名古屋市緑区"
"23115",11500,"愛知県","愛知県名古屋市名東区"
"23116",11600,"愛知県","愛知県名古屋市天白区"
"23201",20100,"愛知県","愛知県豊橋市"
"23202",20200,"愛知県","愛知県岡崎市"
"23203",20300,"愛知県","愛知県一宮市"
"23204",20400,"愛知県","愛知県瀬戸市"
"23205",20500,"愛知県","愛知県半田市"
"23206",20600,"愛知県","愛知県春日井市"
"23207",20700,"愛知県","愛知県豊川市"
"23208",20800,"愛知県","愛知県津島市"
"23209",20900,"愛知県","愛知県碧南市"
"23210",21000,"愛知県","愛知県刈谷市"
"23211",21100,"愛知県","愛知県豊田市"
"23212",21200,"愛知県","愛知県安城市"
"23213",21300,"愛知県","愛知県西尾市"
"23214",21400,"愛知県","愛知県蒲郡市"
"23215",21500,"愛知県","愛知県犬山市"
"23216",21600,"愛知県","愛知県常滑市"
"23217",21700,"愛知県","愛知県江南市"
"23219",21900,"愛知県","愛知県小牧市"
"23220",22000,"愛知県","愛知県稲沢市"
"23221",22100,"愛知県","愛知県新城市"
"23222",22200,"愛知県","愛知県東海市"
"23223",22300,"愛知県","愛知県大府市"
"23224",22400,"愛知県","愛知県知多市"
"23225",22500,"愛知県","愛知県知立市"
"23226",22600,"愛知県","愛知県尾張旭市"
"23227",22700,"愛知県","愛知県高浜市"
"23228",22800,"愛知県","愛知県岩倉市"
"23229",22900,"愛知県","愛知県豊明市"
"23230",23000,"愛知県","愛知県日進市"
"23231",23100,"愛知県","愛知県田原市"
"23232",23200,"愛知県","愛知県愛西市"
"23233",23300,"愛知県","愛知県清須市"
"23234",23400,"愛知県","愛知県北名古屋市"
"23235",23500,"愛知県","愛知県弥富市"
"23236",23600,"愛知県","愛知県みよし市"
"23237",23700,"愛知県","愛知県あま市"
"23238",23800,"愛知県","愛知県長久手市"
"23302",30200,"愛知県","愛知県東郷町"
"23342",34200,"愛知県","愛知県豊山町"
"23361",36100,"愛知県","愛知県大口町"
"23362",36200,"愛知県","愛知県扶桑町"
"23424",42400,"愛知県","愛知県大治町"
"23425",42500,"愛知県","愛知県蟹江町"
"23427",42700,"愛知県","愛知県飛島村"
"23441",44100,"愛知県","愛知県阿久比町"
"23442",44200,"愛知県","愛知県東浦町"
"23445",44500,"愛知県","愛知県南知多町"
"23446",44600,"愛知県","愛知県美浜町"
"23447",44700,"愛知県","愛知県武豊町"
"23501",50100,"愛知県","愛知県幸田町"
"23561",56100,"愛知県","愛知県設楽町"
"23562",56200,"愛知県","愛知県東栄町"
"23563",56300,"愛知県","愛知県豊根村"
"24201",20100,"三重県","三重県津市"
"24202",20200,"三重県","三重県四日市市"
"24203",20300,"三重県","三重県伊勢市"
"24204",20400,"三重県","三重県松阪市"
"24205",20500,"三重県","三重県桑名市"
"24207",20700,"三重県","三重県鈴鹿市"
"24208",20800,"三重県","三重県名張市"
"24209",20900,"三重県","三重県尾鷲市"
"24210",21000,"三重県","三重県亀山市"
"24211",21100,"三重県","三重県鳥羽市"
"24212",21200,"三重県","三重県熊野市"
"24214",21400,"三重県","三重県いなべ市"
"24215",21500,"三重県","三重県志摩市"
"24216",21600,"三重県","三重県伊賀市"
"24303",30300,"三重県","三重県木曽岬町"
"24324",32400,"三重県","三重県東員町"
"24341",34100,"三重県","三重県菰野町"
"24343",34300,"三重県","三重県朝日町"
"24344",34400,"三重県","三重県川越町"
"24441",44100,"三重県","三重県多気町"
"24442",44200,"三重県","三重県明和町"
"24443",44300,"三重県","三重県大台町"
"24461",46100,"三重県","三重県玉城町"
"24470",47000,"三重県","三重県度会町"
"24471",47100,"三重県","三重県大紀町"
"24472",47200,"三重県","三重県南伊勢町"
"24543",54300,"三重県","三重県紀北町"
"24561",56100,"三重県","三重県御浜町"
"24562",56200,"三重県","三重県紀宝町"
"25201",20100,"滋賀県","滋賀県大津市"
"25202",20200,"滋賀県","滋賀県彦根市"
"25203",20300,"滋賀県","滋賀県長浜市"
"25204",20400,"滋賀県","滋賀県近江八幡市"
"25206",20600,"滋賀県","滋賀県草津市"
"25207",20700,"滋賀県","滋賀県守山市"
"25208",20800,"滋賀県","滋賀県栗東市"
"25209",20900,"滋賀県","滋賀県甲賀市"
"25210",21000,"滋賀県","滋賀県野洲市"
"25211",21100,"滋賀県","滋賀県湖南市"
"25212",21200,"滋賀県","滋賀県高島市"
"25213",21300,"滋賀県","滋賀県東近江市"
"25214",21400,"滋賀県","滋賀県米原市"
"25383",38300,"滋賀県","滋賀県日野町"
"25384",38400,"滋賀県","滋賀県竜王町"
"25425",42500,"滋賀県","滋賀県愛荘町"
"25441",44100,"滋賀県","滋賀県豊郷町"
"25442",44200,"滋賀県","滋賀県甲良町"
"25443",44300,"滋賀県","滋賀県多賀町"
"26101",10100,"京都府","京都府京都市北区"
"26102",10200,"京都府","京都府京都市上京区"
"26103",10300,"京都府","京都府京都市左京区"
"26104",10400,"京都府","京都府京都市中京区"
"26105",10500,"京都府","京都府京都市東山区"
"26106",10600,"京都府","京都府京都市下京区"
"26107",10700,"京都府","京都府京都市南区"
"26108",10800,"京都府","京都府京都市右京区"
"26109",10900,"京都府","京都府京都市伏見区"
"26110",11000,"京都府","京都府京都市山科区"
"26111",11100,"京都府","京都府京都市西京区"
"26201",20100,"京都府","京都府福知山市"
"26202",20200,"京都府","京都府舞鶴市"
"26203",20300,"京都府","京都府綾部市"
"26204",20400,"京都府","京都府宇治市"
"26205",20500,"京都府","京都府宮津市"
"26206",20600,"京都府","京都府亀岡市"
"26207",20700,"京都府","京都府城陽市"
"26208",20800,"京都府","京都府向日市"
"26209",20900,"京都府","京都府長岡京市"
"26210",21000,"京都府","京都府八幡市"
"26211",21100,"京都府","京都府京田辺市"
"26212",21200,"京都府","京都府京丹後市"
"26213",21300,"京都府","京都府南丹市"
"26214",21400,"京都府","京都府木津川市"
"26303",30300,"京都府","京都府大山崎町"
"26322",32200,"京都府","京都府久御山町"
"26343",34300,"京都府","京都府井手町"
"26344",34400,"京都府","京都府宇治田原町"
"26364",36400,"京都府","京都府笠置町"
"26365",36500,"京都府","京都府和束町"
"26366",36600,"京都府","京都府精華町"
"26367",36700,"京都府","京都府南山城村"
"26407",40700,"京都府","京都府京丹波町"
"26463",46300,"京都府","京都府伊根町"
"26465",46500,"京都府","京都府与謝野町"
"27102",10200,"大阪府","大阪府大阪市都島区"
"27103",10300,"大阪府","大阪府大阪市福島区"
"27104",10400,"大阪府","大阪府大阪市此花区"
"27106",10600,"大阪府","大阪府大阪市西区"
"27107",10700,"大阪府","大阪府大阪市港区"
"27108",10800,"大阪府","大阪府大阪市大正区"
"27109",10900,"大阪府","大阪府大阪市天王寺区"
"27111",11100,"大阪府","大阪府大阪市浪速区"
"27113",11300,"大阪府","大阪府大阪市西淀川区"
"27114",11400,"大阪府","大阪府大阪市東淀川区"
"27115",11500,"大阪府","大阪府大阪市東成区"
"27116",11600,"大阪府","大阪府大阪市生野区"
"27117",11700,"大阪府","大阪府大阪市旭区"
"27118",11800,"大阪府","大阪府大阪市城東区"
"27119",11900,"大阪府","大阪府大阪市阿倍野区"
"27120",12000,"大阪府","大阪府大阪市住吉区"
"27121",12100,"大阪府","大阪府大阪市東住吉区"
"27122",12200,"大阪府","大阪府大阪市西成区"
"27123",12300,"大阪府","大阪府大阪市淀川区"
"27124",12400,"大阪府","大阪府大阪市鶴見区"
"27125",12500,"大阪府","大阪府大阪市住之江区"
"27126",12600,"大阪府","大阪府大阪市平野区"
"27127",12700,"大阪府","大阪府大阪市北区"
"27128",12800,"大阪府","大阪府大阪市中央区"
"27141",14100,"大阪府","大阪府堺市堺区"
"27142",14200,"大阪府","大阪府堺市中区"
"27143",14300,"大阪府","大阪府堺市東区"
"27144",14400,"大阪府","大阪府堺市西区"
"27145",14500,"大阪府","大阪府堺市南区"
"27146",14600,"大阪府","大阪府堺市北区"
"27147",14700,"大阪府","大阪府堺市美原区"
"27202",20200,"大阪府","大阪府岸和田市"
"27203",20300,"大阪府","大阪府豊中市"
"27204",20400,"大阪府","大阪府池田市"
"27205",20500,"大阪府","大阪府吹田市"
"27206",20600,"大阪府","大阪府泉大津市"
"27207",20700,"大阪府","大阪府高槻市"
"27208",20800,"大阪府","大阪府貝塚市"
"27209",20900,"大阪府","大阪府守口市"
"27210",21000,"大阪府","大阪府枚方市"
"27211",21100,"大阪府","大阪府茨木市"
"27212",21200,"大阪府","大阪府八尾市"
"27213",21300,"大阪府","大阪府泉佐野市"
"27214",21400,"大阪府","大阪府富田林市"
"27215",21500,"大阪府","大阪府寝屋川市"
"27216",21600,"大阪府","大阪府河内長野市"
"27217",21700,"大阪府","大阪府松原市"
"27218",21800,"大阪府","大阪府大東市"
"27219",21900,"大阪府","大阪府和泉市"
"27220",22000,"大阪府","大阪府箕面市"
"27221",22100,"大阪府","大阪府柏原市"
"27222",22200,"大阪府","大阪府羽曳野市"
"27223",22300,"大阪府","大阪府門真市"
"27224",22400,"大阪府","大阪府摂津市"
"27225",22500,"大阪府","大阪府高石市"
"27226",22600,"大阪府","大阪府藤井寺市"
"27227",22700,"大阪府","大阪府東大阪市"
"27228",22800,"大阪府","大阪府泉南市"
"27229",22900,"大阪府","大阪府四條畷市"
"27230",23000,"大阪府","大阪府交野市"
"27231",23100,"大阪府","大阪府大阪狭山市"
"27232",23200,"大阪府","大阪府阪南市"
"27301",30100,"大阪府","大阪府島本町"
"27321",32100,"大阪府","大阪府豊能町"
"27322",32200,"大阪府","大阪府能勢町"
"27341",34100,"大阪府","大阪府忠岡町"
"27361",36100,"大阪府","大阪府熊取町"
"27362",36200,"大阪府","大阪府田尻町"
"27366",36600,"大阪府","大阪府岬町"
"27381",38100,"大阪府","大阪府太子町"
"27382",38200,"大阪府","大阪府河南町"
"27383",38300,"大阪府","大阪府千早赤阪村"
"28101",10100,"兵庫県","兵庫県神戸市東灘区"
"28102",10200,"兵庫県","兵庫県神戸市灘区"
"28105",10500,"兵庫県","兵庫県神戸市兵庫区"
"28106",10600,"兵庫県","兵庫県神戸市長田区"
"28107",10700,"兵庫県","兵庫県神戸市須磨区"
"28108",10800,"兵庫県","兵庫県神戸市垂水区"
"28109",10900,"兵庫県","兵庫県神戸市北区"
"28110",11000,"兵庫県","兵庫県神戸市中央区"
"28111",11100,"兵庫県","兵庫県神戸市西区"
"28201",20100,"兵庫県","兵庫県姫路市"
"28202",20200,"兵庫県","兵庫県尼崎市"
"28203",20300,"兵庫県","兵庫県明石市"
"28204",20400,"兵庫県","兵庫県西宮市"
"28205",20500,"兵庫県","兵庫県洲本市"
"28206",20600,"兵庫県","兵庫県芦屋市"
"28207",20700,"兵庫県","兵庫県伊丹市"
"28208",20800,"兵庫県","兵庫県相生市"
"28209",20900,"兵庫県","兵庫県豊岡市"
"28210",21000,"兵庫県","兵庫県加古川市"
"28212",21200,"兵庫県","兵庫県赤穂市"
"28213",21300,"兵庫県","兵庫県西脇市"
"28214",21400,"兵庫県","兵庫県宝塚市"
"28215",21500,"兵庫県","兵庫県三木市"
"28216",21600,"兵庫県","兵庫県高砂市"
"28217",21700,"兵庫県","兵庫県川西市"
"28218",21800,"兵庫県","兵庫県小野市"
"28219",21900,"兵庫県","兵庫県三田市"
"28220",22000,"兵庫県","兵庫県加西市"
"28221",22100,"兵庫県","兵庫県丹波篠山市"
"28222",22200,"兵庫県","兵庫県養父市"
"28223",22300,"兵庫県","兵庫県丹波市"
"28224",22400,"兵庫県","兵庫県南あわじ市"
"28225",22500,"兵庫県","兵庫県朝来市"
"28226",22600,"兵庫県","兵庫県淡路市"
"28227",22700,"兵庫県","兵庫県宍粟市"
"28228",22800,"兵庫県","兵庫県加東市"
"28229",22900,"兵庫県","兵庫県たつの市"
"28301",30100,"兵庫県","兵庫県猪名川町"
"28365",36500,"兵庫県","兵庫県多可町"
"28381",38100,"兵庫県","兵庫県稲美町"
"28382",38200,"兵庫県","兵庫県播磨町"
"28442",44200,"兵庫県","兵庫県市川町"
"28443",44300,"兵庫県","兵庫県福崎町"
"28446",44600,"兵庫県","兵庫県神河町"
"28464",46400,"兵庫県","兵庫県太子町"
"28481",48100,"兵庫県","兵庫県上郡町"
"28501",50100,"兵庫県","兵庫県佐用町"
"28585",58500,"兵庫県","兵庫県香美町"
"28586",58600,"兵庫県","兵庫県新温泉町"
"29201",20100,"奈良県","奈良県奈良市"
"29202",20200,"奈良県","奈良県大和高田市"
"29203",20300,"奈良県","奈良県大和郡山市"
"29204",20400,"奈良県","奈良県天理市"
"29205",20500,"奈良県","奈良県橿原市"
"29206",20600,"奈良県","奈良県桜井市"
"29207",20700,"奈良県","奈良県五條市"
"29208",20800,"奈良県","奈良県御所市"
"29209",20900,"奈良県","奈良県生駒市"
"29210",21000,"奈良県","奈良県香芝市"
"29211",21100,"奈良県","奈良県葛城市"
"29212",21200,"奈良県","奈良県宇陀市"
"29322",32200,"奈良県","奈良県山添村"
"29342",34200,"奈良県","奈良県平群町"
"29343",34300,"奈良県","奈良県三郷町"
"29344",34400,"奈良県","奈良県斑鳩町"
"29345",34500,"奈良県","奈良県安堵町"
"29361",36100,"奈良県","奈良県川西町"
"29362",36200,"奈良県","奈良県三宅町"
"29363",36300,"奈良県","奈良県田原本町"
"29385",38500,"奈良県","奈良県曽爾村"
"29386",38600,"奈良県","奈良県御杖村"
"29401",40100,"奈良県","奈良県高取町"
"29402",40200,"奈良県","奈良県明日香村"
"29424",42400,"奈良県","奈良県上牧町"
"29425",42500,"奈良県","奈良県王寺町"
"29426",42600,"奈良県","奈良県広陵町"
"29427",42700,"奈良県","奈良県河合町"
"29441",44100,"奈良県","奈良県吉野町"
"29442",44200,"奈良県","奈良県大淀町"
"29443",44300,"奈良県","奈良県下市町"
"29444",44400,"奈良県","奈良県黒滝村"
"29446",44600,"奈良県","奈良県天川村"
"29447",44700,"奈良県","奈良県野迫川村"
"29449",44900,"奈良県","奈良県十津川村"
"29450",45000,"奈良県","奈良県下北山村"
"29451",45100,"奈良県","奈良県上北山村"
"29452",45200,"奈良県","奈良県川上村"
"29453",45300,"奈良県","奈良県東吉野村"
"30201",20100,"和歌山県","和歌山県和歌山市"
"30202",20200,"和歌山県","和歌山県海南市"
"30203",20300,"和歌山県","和歌山県橋本市"
"30204",20400,"和歌山県","和歌山県有田市"
"30205",20500,"和歌山県","和歌山県御坊市"
"30206",20600,"和歌山県","和歌山県田辺市"
"30207",20700,"和歌山県","和歌山県新宮市"
"30208",20800,"和歌山県","和歌山県紀の川市"
"30209",20900,"和歌山県","和歌山県岩出市"
"30304",30400,"和歌山県","和歌山県紀美野町"
"30341",34100,"和歌山県","和歌山県かつらぎ町"
"30343",34300,"和歌山県","和歌山県九度山町"
"30344",34400,"和歌山県","和歌山県高野町"
"30361",36100,"和歌山県","和歌山県湯浅町"
"30362",36200,"和歌山県","和歌山県広川町"
"30366",36600,"和歌山県","和歌山県有田川町"
"30381",38100,"和歌山県","和歌山県美浜町"
"30382",38200,"和歌山県","和歌山県日高町"
"30383",38300,"和歌山県","和歌山県由良町"
"30390",39000,"和歌山県","和歌山県印南町"
"30391",39100,"和歌山県","和歌山県みなべ町"
"30392",39200,"和歌山県","和歌山県日高川町"
"30401",40100,"和歌山県","和歌山県白浜町"
"30404",40400,"和歌山県","和歌山県上富田町"
"30406",40600,"和歌山県","和歌山県すさみ町"
"30421",42100,"和歌山県","和歌山県那智勝浦町"
"30422",42200,"和歌山県","和歌山県太地町"
"30424",42400,"和歌山県","和歌山県古座川町"
"30427",42700,"和歌山県","和歌山県北山村"
"30428",42800,"和歌山県","和歌山県串本町"
"31201",20100,"鳥取県","鳥取県鳥取市"
"31202",20200,"鳥取県","鳥取県米子市"
"31203",20300,"鳥取県","鳥取県倉吉市"
"31204",20400,"鳥取県","鳥取県境港市"
"31302",30200,"鳥取県","鳥取県岩美町"
"31325",32500,"鳥取県","鳥取県若桜町"
"31328",32800,"鳥取県","鳥取県智頭町"
"31329",32900,"鳥取県","鳥取県八頭町"
"31364",36400,"鳥取県","鳥取県三朝町"
"31370",37000,"鳥取県","鳥取県湯梨浜町"
"31371",37100,"鳥取県","鳥取県琴浦町"
"31372",37200,"鳥取県","鳥取県北栄町"
"31384",38400,"鳥取県","鳥取県日吉津村"
"31386",38600,"鳥取県","鳥取県大山町"
"31389",38900,"鳥取県","鳥取県南部町"
"31390",39000,"鳥取県","鳥取県伯耆町"
"31401",40100,"鳥取県","鳥取県日南町"
"31402",40200,"鳥取県","鳥取県日野町"
"31403",40300,"鳥取県","鳥取県江府町"
"32201",20100,"島根県","島根県松江市"
"32202",20200,"島根県","島根県浜田市"
"32203",20300,"島根県","島根県出雲市"
"32204",20400,"島根県","島根県益田市"
"32205",20500,"島根県","島根県大田市"
"32206",20600,"島根県","島根県安来市"
"32207",20700,"島根県","島根県江津市"
"32209",20900,"島根県","島根県雲南市"
"32343",34300,"島根県","島根県奥出雲町"
"32386",38600,"島根県","島根県飯南町"
"32441",44100,"島根県","島根県川本町"
"32448",44800,"島根県","島根県美郷町"
"32449",44900,"島根県","島根県邑南町"
"32501",50100,"島根県","島根県津和野町"
"32505",50500,"島根県","島根県吉賀町"
"32525",52500,"島根県","島根県海士町"
"32526",52600,"島根県","島根県西ノ島町"
"32527",52700,"島根県","島根県知夫村"
"32528",52800,"島根県","島根県隠岐の島町"
"33101",10100,"岡山県","岡山県岡山市北区"
"33102",10200,"岡山県","岡山県岡山市中区"
"33103",10300,"岡山県","岡山県岡山市東区"
"33104",10400,"岡山県","岡山県岡山市南区"
"33202",20200,"岡山県","岡山県倉敷市"
"33203",20300,"岡山県","岡山県津山市"
"33204",20400,"岡山県","岡山県玉野市"
"33205",20500,"岡山県","岡山県笠岡市"
"33207",20700,"岡山県","岡山県井原市"
"33208",20800,"岡山県","岡山県総社市"
"33209",20900,"岡山県","岡山県高梁市"
"33210",21000,"岡山県","岡山県新見市"
"33211",21100,"岡山県","岡山県備前市"
"33212",21200,"岡山県","岡山県瀬戸内市"
"33213",21300,"岡山県","岡山県赤磐市"
"33214",21400,"岡山県","岡山県真庭市"
"33215",21500,"岡山県","岡山県美作市"
"33216",21600,"岡山県","岡山県浅口市"
"33346",34600,"岡山県","岡山県和気町"
"33423",42300,"岡山県","岡山県早島町"
"33445",44500,"岡山県","岡山県里庄町"
"33461",46100,"岡山県","岡山県矢掛町"
"33586",58600,"岡山県","岡山県新庄村"
"33606",60600,"岡山県","岡山県鏡野町"
"33622",62200,"岡山県","岡山県勝央町"
"33623",62300,"岡山県","岡山県奈義町"
"33643",64300,"岡山県","岡山県西粟倉村"
"33663",66300,"岡山県","岡山県久米南町"
"33666",66600,"岡山県","岡山県美咲町"
"33681",68100,"岡山県","岡山県吉備中央町"
"34101",10100,"広島県","広島県広島市中区"
"34102",10200,"広島県","広島県広島市東区"
"34103",10300,"広島県","広島県広島市南区"
"34104",10400,"広島県","広島県広島市西区"
"34105",10500,"広島県","広島県広島市安佐南区"
"34106",10600,"広島県","広島県広島市安佐北区"
"34107",10700,"広島県","広島県広島市安芸区"
"34108",10800,"広島県","広島県広島市佐伯区"
"34202",20200,"広島県","広島県呉市"
"34203",20300,"広島県","広島県竹原市"
"34204",20400,"広島県","広島県三原市"
"34205",20500,"広島県","広島県尾道市"
"34207",20700,"広島県","広島県福山市"
"34208",20800,"広島県","広島県府中市"
"34209",20900,"広島県","広島県三次市"
"34210",21000,"広島県","広島県庄原市"
"34211",21100,"広島県","広島県大竹市"
"34212",21200,"広島県","広島県東広島市"
"34213",21300,"広島県","広島県廿日市市"
"34214",21400,"広島県","広島県安芸高田市"
"34215",21500,"広島県","広島県江田島市"
"34302",30200,"広島県","広島県府中町"
"34304",30400,"広島県","広島県海田町"
"34307",30700,"広島県","広島県熊野町"
"34309",30900,"広島県","広島県坂町"
"34368",36800,"広島県","広島県安芸太田町"
"34369",36900,"広島県","広島県北広島町"
"34431",43100,"広島県","広島県大崎上島町"
"34462",46200,"広島県","広島県世羅町"
"34545",54500,"広島県","広島県神石高原町"
"35201",20100,"山口県","山口県下関市"
"35202",20200,"山口県","山口県宇部市"
"35203",20300,"山口県","山口県山口市"
"35204",20400,"山口県","山口県萩市"
"35206",20600,"山口県","山口県防府市"
"35207",20700,"山口県","山口県下松市"
"35208",20800,"山口県","山口県岩国市"
"35210",21000,"山口県","山口県光市"
"35211",21100,"山口県","山口県長門市"
"35212",21200,"山口県","山口県柳井市"
"35213",21300,"山口県","山口県美祢市"
"35215",21500,"山口県","山口県周南市"
"35216",21600,"山口県","山口県山陽小野田市"
"35305",30500,"山口県","山口県周防大島町"
"35321",32100,"山口県","山口県和木町"
"35341",34100,"山口県","山口県上関町"
"35343",34300,"山口県","山口県田布施町"
"35344",34400,"山口県","山口県平生町"
"35502",50200,"山口県","山口県阿武町"
"36201",20100,"徳島県","徳島県徳島市"
"36202",20200,"徳島県","徳島県鳴門市"
"36203",20300,"徳島県","徳島県小松島市"
"36204",20400,"徳島県","徳島県阿南市"
"36205",20500,"徳島県","徳島県吉野川市"
"36206",20600,"徳島県","徳島県阿波市"
"36207",20700,"徳島県","徳島県美馬市"
"36208",20800,"徳島県","徳島県三好市"
"36301",30100,"徳島県","徳島県勝浦町"
"36302",30200,"徳島県","徳島県上勝町"
"36321",32100,"徳島県","徳島県佐那河内村"
"36341",34100,"徳島県","徳島県石井町"
"36342",34200,"徳島県","徳島県神山町"
"36368",36800,"徳島県","徳島県那賀町"
"36383",38300,"徳島県","徳島県牟岐町"
"36387",38700,"徳島県","徳島県美波町"
"36388",38800,"徳島県","徳島県海陽町"
"36401",40100,"徳島県","徳島県松茂町"
"36402",40200,"徳島県","徳島県北島町"
"36403",40300,"徳島県","徳島県藍住町"
"36404",40400,"徳島県","徳島県板野町"
"36405",40500,"徳島県","徳島県上板町"
"36468",46800,"徳島県","徳島県つるぎ町"
"36489",48900,"徳島県","徳島県東みよし町"
"37201",20100,"香川県","香川県高松市"
"37202",20200,"香川県","香川県丸亀市"
"37203",20300,"香川県","香川県坂出市"
"37204",20400,"香川県","香川県善通寺市"
"37205",20500,"香川県","香川県観音寺市"
"37206",20600,"香川県","香川県さぬき市"
"37207",20700,"香川県","香川県東かがわ市"
"37208",20800,"香川県","香川県三豊市"
"37322",32200,"香川県","香川県土庄町"
"37324",32400,"香川県","香川県小豆島町"
"37341",34100,"香川県","香川県三木町"
"37364",36400,"香川県","香川県直島町"
"37386",38600,"香川県","香川県宇多津町"
"37387",38700,"香川県","香川県綾川町"
"37403",40300,"香川県","香川県琴平町"
"37404",40400,"香川県","香川県多度津町"
"37406",40600,"香川県","香川県まんのう町"
"38201",20100,"愛媛県","愛媛県松山市"
"38202",20200,"愛媛県","愛媛県今治市"
"38203",20300,"愛媛県","愛媛県宇和島市"
"38204",20400,"愛媛県","愛媛県八幡浜市"
"38205",20500,"愛媛県","愛媛県新居浜市"
"38206",20600,"愛媛県","愛媛県西条市"
"38207",20700,"愛媛県","愛媛県大洲市"
"38210",21000,"愛媛県","愛媛県伊予市"
"38213",21300,"愛媛県","愛媛県四国中央市"
"38214",21400,"愛媛県","愛媛県西予市"
"38215",21500,"愛媛県","愛媛県東温市"
"38356",35600,"愛媛県","愛媛県上島町"
"38386",38600,"愛媛県","愛媛県久万高原町"
"38401",40100,"愛媛県","愛媛県松前町"
"38402",40200,"愛媛県","愛媛県砥部町"
"38422",42200,"愛媛県","愛媛県内子町"
"38442",44200,"愛媛県","愛媛県伊方町"
"38484",48400,"愛媛県","愛媛県松野町"
"38488",48800,"愛媛県","愛媛県鬼北町"
"38506",50600,"愛媛県","愛媛県愛南町"
"39201",20100,"高知県","高知県高知市"
"39202",20200,"高知県","高知県室戸市"
"39203",20300,"高知県","高知県安芸市"
"39204",20400,"高知県","高知県南国市"
"39205",20500,"高知県","高知県土佐市"
"39206",20600,"高知県","高知県須崎市"
"39208",20800,"高知県","高知県宿毛市"
"39209",20900,"高知県","高知県土佐清水市"
"39210",21000,"高知県","高知県四万十市"
"39211",21100,"高知県","高知県香南市"
"39212",21200,"高知県","高知県香美市"
"39301",30100,"高知県","高知県東洋町"
"39302",30200,"高知県","高知県奈半利町"
"39303",30300,"高知県","高知県田野町"
"39304",30400,"高知県","高知県安田町"
"39305",30500,"高知県","高知県北川村"
"39306",30600,"高知県","高知県馬路村"
"39307",30700,"高知県","高知県芸西村"
"39341",34100,"高知県","高知県本山町"
"39344",34400,"高知県","高知県大豊町"
"39363",36300,"高知県","高知県土佐町"
"39364",36400,"高知県","高知県大川村"
"39386",38600,"高知県","高知県いの町"
"39387",38700,"高知県","高知県仁淀川町"
"39401",40100,"高知県","高知県中土佐町"
"39402",40200,"高知県","高知県佐川町"
"39403",40300,"高知県","高知県越知町"
"39405",40500,"高知県","高知県檮原町"
"39410",41000,"高知県","高知県日高村"
"39411",41100,"高知県","高知県津野町"
"39412",41200,"高知県","高知県四万十町"
"39424",42400,"高知県","高知県大月町"
"39427",42700,"高知県","高知県三原村"
"39428",42800,"高知県","高知県黒潮町"
"40101",10100,"福岡県","福岡県北九州市門司区"
"40103",10300,"福岡県","福岡県北九州市若松区"
"40105",10500,"福岡県","福岡県北九州市戸畑区"
"40106",10600,"福岡県","福岡県北九州市小倉北区"
"40107",10700,"福岡県","福岡県北九州市小倉南区"
"40108",10800,"福岡県","福岡県北九州市八幡東区"
"40109",10900,"福岡県","福岡県北九州市八幡西区"
"40131",13100,"福岡県","福岡県福岡市東区"
"40132",13200,"福岡県","福岡県福岡市博多区"
"40133",13300,"福岡県","福岡県福岡市中央区"
"40134",13400,"福岡県","福岡県福岡市南区"
"40135",13500,"福岡県","福岡県福岡市西区"
"40136",13600,"福岡県","福岡県福岡市城南区"
"40137",13700,"福岡県","福岡県福岡市早良区"
"40202",20200,"福岡県","福岡県大牟田市"
"40203",20300,"福岡県","福岡県久留米市"
"40204",20400,"福岡県","福岡県直方市"
"40205",20500,"福岡県","福岡県飯塚市"
"40206",20600,"福岡県","福岡県田川市"
"40207",20700,"福岡県","福岡県柳川市"
"40210",21000,"福岡県","福岡県八女市"
"40211",21100,"福岡県","福岡県筑後市"
"40212",21200,"福岡県","福岡県大川市"
"40213",21300,"福岡県","福岡県行橋市"
"40214",21400,"福岡県","福岡県豊前市"
"40215",21500,"福岡県","福岡県中間市"
"40216",21600,"福岡県","福岡県小郡市"
"40217",21700,"福岡県","福岡県筑紫野市"
"40218",21800,"福岡県","福岡県春日市"
"40219",21900,"福岡県","福岡県大野城市"
"40220",22000,"福岡県","福岡県宗像市"
"40221",22100,"福岡県","福岡県太宰府市"
"40223",22300,"福岡県","福岡県古賀市"
"40224",22400,"福岡県","福岡県福津市"
"40225",22500,"福岡県","福岡県うきは市"
"40226",22600,"福岡県","福岡県宮若市"
"40227",22700,"福岡県","福岡県嘉麻市"
"40228",22800,"福岡県","福岡県朝倉市"
"40229",22900,"福岡県","福岡県みやま市"
"40230",23000,"福岡県","福岡県糸島市"
"40231",23100,"福岡県","福岡県那珂川市"
"40341",34100,"福岡県","福岡県宇美町"
"40342",34200,"福岡県","福岡県篠栗町"
"40343",34300,"福岡県","福岡県志免町"
"40344",34400,"福岡県","福岡県須恵町"
"40345",34500,"福岡県","福岡県新宮町"
"40348",34800,"福岡県","福岡県久山町"
"40349",34900,"福岡県","福岡県粕屋町"
"40381",38100,"福岡県","福岡県芦屋町"
"40382",38200,"福岡県","福岡県水巻町"
"40383",38300,"福岡県","福岡県岡垣町"
"40384",38400,"福岡県","福岡県遠賀町"
"40401",40100,"福岡県","福岡県小竹町"
"40402",40200,"福岡県","福岡県鞍手町"
"40421",42100,"福岡県","福岡県桂川町"
"40447",44700,"福岡県","福岡県筑前町"
"40448",44800,"福岡県","福岡県東峰村"
"40503",50300,"福岡県","福岡県大刀洗町"
"40522",52200,"福岡県","福岡県大木町"
"40544",54400,"福岡県","福岡県広川町"
"40601",60100,"福岡県","福岡県香春町"
"40602",60200,"福岡県","福岡県添田町"
"40604",60400,"福岡県","福岡県糸田町"
"40605",60500,"福岡県","福岡県川崎町"
"40608",60800,"福岡県","福岡県大任町"
"40609",60900,"福岡県","福岡県赤村"
"40610",61000,"福岡県","福岡県福智町"
"40621",62100,"福岡県","福岡県苅田町"
"40625",62500,"福岡県","福岡県みやこ町"
"40642",64200,"福岡県","福岡県吉富町"
"40646",64600,"福岡県","福岡県上毛町"
"40647",64700,"福岡県","福岡県築上町"
"41201",20100,"佐賀県","佐賀県佐賀市"
"41202",20200,"佐賀県","佐賀県唐津市"
"41203",20300,"佐賀県","佐賀県鳥栖市"
"41204",20400,"佐賀県","佐賀県多久市"
"41205",20500,"佐賀県","佐賀県伊万里市"
"41206",20600,"佐賀県","佐賀県武雄市"
"41207",20700,"佐賀県","佐賀県鹿島市"
"41208",20800,"佐賀県","佐賀県小城市"
"41209",20900,"佐賀県","佐賀県嬉野市"
"41210",21000,"佐賀県","佐賀県神埼市"
"41327",32700,"佐賀県","佐賀県吉野ヶ里町"
"41341",34100,"佐賀県","佐賀県基山町"
"41345",34500,"佐賀県","佐賀県上峰町"
"41346",34600,"佐賀県","佐賀県みやき町"
"41387",38700,"佐賀県","佐賀県玄海町"
"41401",40100,"佐賀県","佐賀県有田町"
"41423",42300,"佐賀県","佐賀県大町町"
"41424",42400,"佐賀県","佐賀県江北町"
"41425",42500,"佐賀県","佐賀県白石町"
"41441",44100,"佐賀県","佐賀県太良町"
"42201",20100,"長崎県","長崎県長崎市"
"42202",20200,"長崎県","長崎県佐世保市"
"42203",20300,"長崎県","長崎県島原市"
"42204",20400,"長崎県","長崎県諫早市"
"42205",20500,"長崎県","長崎県大村市"
"42207",20700,"長崎県","長崎県平戸市"
"42208",20800,"長崎県","長崎県松浦市"
"42209",20900,"長崎県","長崎県対馬市"
"42210",21000,"長崎県","長崎県壱岐市"
"42211",21100,"長崎県","長崎県五島市"
"42212",21200,"長崎県","長崎県西海市"
"42213",21300,"長崎県","長崎県雲仙市"
"42214",21400,"長崎県","長崎県南島原市"
"42307",30700,"長崎県","長崎県長与町"
"42308",30800,"長崎県","長崎県時津町"
"42321",32100,"長崎県","長崎県東彼杵町"
"42322",32200,"長崎県","長崎県川棚町"
"42323",32300,"長崎県","長崎県波佐見町"
"42383",38300,"長崎県","長崎県小値賀町"
"42391",39100,"長崎県","長崎県佐々町"
"42411",41100,"長崎県","長崎県新上五島町"
"43101",10100,"熊本県","熊本県熊本市中央区"
"43102",10200,"熊本県","熊本県熊本市東区"
"43103",10300,"熊本県","熊本県熊本市西区"
"43104",10400,"熊本県","熊本県熊本市南区"
"43105",10500,"熊本県","熊本県熊本市北区"
"43202",20200,"熊本県","熊本県八代市"
"43203",20300,"熊本県","熊本県人吉市"
"43204",20400,"熊本県","熊本県荒尾市"
"43205",20500,"熊本県","熊本県水俣市"
"43206",20600,"熊本県","熊本県玉名市"
"43208",20800,"熊本県","熊本県山鹿市"
"43210",21000,"熊本県","熊本県菊池市"
"43211",21100,"熊本県","熊本県宇土市"
"43212",21200,"熊本県","熊本県上天草市"
"43213",21300,"熊本県","熊本県宇城市"
"43214",21400,"熊本県","熊本県阿蘇市"
"43215",21500,"熊本県","熊本県天草市"
"43216",21600,"熊本県","熊本県合志市"
"43348",34800,"熊本県","熊本県美里町"
"43364",36400,"熊本県","熊本県玉東町"
"43367",36700,"熊本県","熊本県南関町"
"43368",36800,"熊本県","熊本県長洲町"
"43369",36900,"熊本県","熊本県和水町"
"43403",40300,"熊本県","熊本県大津町"
"43404",40400,"熊本県","熊本県菊陽町"
"43423",42300,"熊本県","熊本県南小国町"
"43424",42400,"熊本県","熊本県小国町"
"43425",42500,"熊本県","熊本県産山村"
"43428",42800,"熊本県","熊本県高森町"
"43432",43200,"熊本県","熊本県西原村"
"43433",43300,"熊本県","熊本県南阿蘇村"
"43441",44100,"熊本県","熊本県御船町"
"43442",44200,"熊本県","熊本県嘉島町"
"43443",44300,"熊本県","熊本県益城町"
"43444",44400,"熊本県","熊本県甲佐町"
"43447",44700,"熊本県","熊本県山都町"
"43468",46800,"熊本県","熊本県氷川町"
"43482",48200,"熊本県","熊本県芦北町"
"43484",48400,"熊本県","熊本県津奈木町"
"43501",50100,"熊本県","熊本県錦町"
"43505",50500,"熊本県","熊本県多良木町"
"43506",50600,"熊本県","熊本県湯前町"
"43507",50700,"熊本県","熊本県水上村"
"43510",51000,"熊本県","熊本県相良村"
"43511",51100,"熊本県","熊本県五木村"
"43512",51200,"熊本県","熊本県山江村"
"43513",51300,"熊本県","熊本県球磨村"
"43514",51400,"熊本県","熊本県あさぎり町"
"43531",53100,"熊本県","熊本県苓北町"
"44201",20100,"大分県","大分県大分市"
"44202",20200,"大分県","大分県別府市"
"44203",20300,"大分県","大分県中津市"
"44204",20400,"大分県","大分県日田市"
"44205",20500,"大分県","大分県佐伯市"
"44206",20600,"大分県","大分県臼杵市"
"44207",20700,"大分県","大分県津久見市"
"44208",20800,"大分県","大分県竹田市"
"44209",20900,"大分県","大分県豊後高田市"
"44210",21000,"大分県","大分県杵築市"
"44211",21100,"大分県","大分県宇佐市"
"44212",21200,"大分県","大分県豊後大野市"
"44213",21300,"大分県","大分県由布市"
"44214",21400,"大分県","大分県国東市"
"44322",32200,"大分県","大分県姫島村"
"44341",34100,"大分県","大分県日出町"
"44461",46100,"大分県","大分県九重町"
"44462",46200,"大分県","大分県玖珠町"
"45201",20100,"宮崎県","宮崎県宮崎市"
"45202",20200,"宮崎県","宮崎県都城市"
"45203",20300,"宮崎県","宮崎県延岡市"
"45204",20400,"宮崎県","宮崎県日南市"
"45205",20500,"宮崎県","宮崎県小林市"
"45206",20600,"宮崎県","宮崎県日向市"
"45207",20700,"宮崎県","宮崎県串間市"
"45208",20800,"宮崎県","宮崎県西都市"
"45209",20900,"宮崎県","宮崎県えびの市"
"45341",34100,"宮崎県","宮崎県三股町"
"45361",36100,"宮崎県","宮崎県高原町"
"45382",38200,"宮崎県","宮崎県国富町"
"45383",38300,"宮崎県","宮崎県綾町"
"45401",40100,"宮崎県","宮崎県高鍋町"
"45402",40200,"宮崎県","宮崎県新富町"
"45403",40300,"宮崎県","宮崎県西米良村"
"45404",40400,"宮崎県","宮崎県木城町"
"45405",40500,"宮崎県","宮崎県川南町"
"45406",40600,"宮崎県","宮崎県都農町"
"45421",42100,"宮崎県","宮崎県門川町"
"45429",42900,"宮崎県","宮崎県諸塚村"
"45430",43000,"宮崎県","宮崎県椎葉村"
"45431",43100,"宮崎県","宮崎県美郷町"
"45441",44100,"宮崎県","宮崎県高千穂町"
"45442",44200,"宮崎県","宮崎県日之影町"
"45443",44300,"宮崎県","宮崎県五ヶ瀬町"
"46201",20100,"鹿児島県","鹿児島県鹿児島市"
"46203",20300,"鹿児島県","鹿児島県鹿屋市"
"46204",20400,"鹿児島県","鹿児島県枕崎市"
"46206",20600,"鹿児島県","鹿児島県阿久根市"
"46208",20800,"鹿児島県","鹿児島県出水市"
"46210",21000,"鹿児島県","鹿児島県指宿市"
"46213",21300,"鹿児島県","鹿児島県西之表市"
"46214",21400,"鹿児島県","鹿児島県垂水市"
"46215",21500,"鹿児島県","鹿児島県薩摩川内市"
"46216",21600,"鹿児島県","鹿児島県日置市"
"46217",21700,"鹿児島県","鹿児島県曽於市"
"46218",21800,"鹿児島県","鹿児島県霧島市"
"46219",21900,"鹿児島県","鹿児島県いちき串木野市"
"46220",22000,"鹿児島県","鹿児島県南さつま市"
"46221",22100,"鹿児島県","鹿児島県志布志市"
"46222",22200,"鹿児島県","鹿児島県奄美市"
"46223",22300,"鹿児島県","鹿児島県南九州市"
"46224",22400,"鹿児島県","鹿児島県伊佐市"
"46225",22500,"鹿児島県","鹿児島県姶良市"
"46303",30300,"鹿児島県","鹿児島県三島村"
"46304",30400,"鹿児島県","鹿児島県十島村"
"46392",39200,"鹿児島県","鹿児島県さつま町"
"46404",40400,"鹿児島県","鹿児島県長島町"
"46452",45200,"鹿児島県","鹿児島県湧水町"
"46468",46800,"鹿児島県","鹿児島県大崎町"
"46482",48200,"鹿児島県","鹿児島県東串良町"
"46490",49000,"鹿児島県","鹿児島県錦江町"
"46491",49100,"鹿児島県","鹿児島県南大隅町"
"46492",49200,"鹿児島県","鹿児島県肝付町"
"46501",50100,"鹿児島県","鹿児島県中種子町"
"46502",50200,"鹿児島県","鹿児島県南種子町"
"46505",50500,"鹿児島県","鹿児島県屋久島町"
"46523",52300,"鹿児島県","鹿児島県大和村"
"46524",52400,"鹿児島県","鹿児島県宇検村"
"46525",52500,"鹿児島県","鹿児島県瀬戸内町"
"46527",52700,"鹿児島県","鹿児島県龍郷町"
"46529",52900,"鹿児島県","鹿児島県喜界町"
"46530",53000,"鹿児島県","鹿児島県徳之島町"
"46531",53100,"鹿児島県","鹿児島県天城町"
"46532",53200,"鹿児島県","鹿児島県伊仙町"
"46533",53300,"鹿児島県","鹿児島県和泊町"
"46534",53400,"鹿児島県","鹿児島県知名町"
"46535",53500,"鹿児島県","鹿児島県与論町"
"47201",20100,"沖縄県","沖縄県那覇市"
"47205",20500,"沖縄県","沖縄県宜野湾市"
"47207",20700,"沖縄県","沖縄県石垣市"
"47208",20800,"沖縄県","沖縄県浦添市"
"47209",20900,"沖縄県","沖縄県名護市"
"47210",21000,"沖縄県","沖縄県糸満市"
"47211",21100,"沖縄県","沖縄県沖縄市"
"47212",21200,"沖縄県","沖縄県豊見城市"
"47213",21300,"沖縄県","沖縄県うるま市"
"47214",21400,"沖縄県","沖縄県宮古島市"
"47215",21500,"沖縄県","沖縄県南城市"
"47301",30100,"沖縄県","沖縄県国頭村"
"47302",30200,"沖縄県","沖縄県大宜味村"
"47303",30300,"沖縄県","沖縄県東村"
"47306",30600,"沖縄県","沖縄県今帰仁村"
"47308",30800,"沖縄県","沖縄県本部町"
"47311",31100,"沖縄県","沖縄県恩納村"
"47313",31300,"沖縄県","沖縄県宜野座村"
"47314",31400,"沖縄県","沖縄県金武町"
"47315",31500,"沖縄県","沖縄県伊江村"
"47324",32400,"沖縄県","沖縄県読谷村"
"47325",32500,"沖縄県","沖縄県嘉手納町"
"47326",32600,"沖縄県","沖縄県北谷町"
"47327",32700,"沖縄県","沖縄県北中城村"
"47328",32800,"沖縄県","沖縄県中城村"
"47329",32900,"沖縄県","沖縄県西原町"
"47348",34800,"沖縄県","沖縄県与那原町"
"47350",35000,"沖縄県","沖縄県南風原町"
"47353",35300,"沖縄県","沖縄県渡嘉敷村"
"47354",35400,"沖縄県","沖縄県座間味村"
"47355",35500,"沖縄県","沖縄県粟国村"
"47356",35600,"沖縄県","沖縄県渡名喜村"
"47357",35700,"沖縄県","沖縄県南大東村"
"47358",35800,"沖縄県","沖縄県北大東村"
"47359",35900,"沖縄県","沖縄県伊平屋村"
"47360",36000,"沖縄県","沖縄県伊是名村"
"47361",36100,"沖縄県","沖縄県久米島町"
"47362",36200,"沖縄県","沖縄県八重瀬町"
"47375",37500,"沖縄県","沖縄県多良間村"
"47381",38100,"沖縄県","沖縄県竹富町"
"47382",38200,"沖縄県","沖縄県与那国町"
"22131",13100,"静岡県","静岡県浜松市中区"
"22132",13200,"静岡県","静岡県浜松市東区"
"22133",13300,"静岡県","静岡県浜松市西区"
"22134",13400,"静岡県","静岡県浜松市南区"
"22135",13500,"静岡県","静岡県浜松市北区"
"22136",13600,"静岡県","静岡県浜松市浜北区"
"22137",13700,"静岡県","静岡県浜松市天竜区"
